"","country","year","status","evi","exposureindex","population","location","popcoast","econstructure","export","argicult","shock.index","nat.shock.index","naturaldisaster","agricultinstability","tradeshock","hai","undernourished","mortality","literacy","enrolment","gni","homeless","ldc","deaths_civilians","bd","conflict"
"1","Afghanistan",2006,"LDC",60.3,41.2,18.6,83.3,NA,NA,25.6,63.3,79.4,67.9,NA,74.9,90.9,11.5,14.4,0,24.8,6.7,122,60.8,1,477,4982,1
"2","Afghanistan",2009,"LDC",39.5,33.8,19.5,51.8,NA,44.7,23.8,65.6,45.2,51.2,NA,38.6,39.2,15.2,33.6,0,13.2,14.1,301,63.8,1,1099,6499,1
"3","Afghanistan",2012,"LDC",38.8,27.6,17.4,55.6,0,37.4,19.4,55.5,50.1,52.2,72.9,31.4,48,22.5,46.7,0,4,39.5,357,NA,1,908,7822,1
"4","Afghanistan",2015,"LDC",35.1,25.4,18.2,51.4,0,31.9,19.9,43.9,44.8,53.6,76.5,30.7,36.1,43.1,67.2,47.1,9,49.2,672,NA,1,899,17986,1
"5","Algeria",2006,"non-LDC",34.7,20.6,17.1,10.7,NA,NA,58.6,16.4,48.8,50.9,NA,35.5,46.7,81.5,96,86.7,64.6,78.8,1976.7,66.4,2,46,292,1
"6","Algeria",2009,"non-LDC",33.2,17.5,16.4,0,NA,37.1,59.5,14.6,49,50.9,NA,35.3,47.1,84.8,100,86.7,70.5,82.2,3150,66.5,2,48,541,1
"7","Algeria",2012,"non-LDC",26.5,13.7,15.7,0,5.66,33.3,54.6,11.9,39.3,35.7,35.8,35.6,42.8,86.1,100,86.6,63.5,94.4,4373,NA,2,23,264,1
"8","Algeria",2015,"non-LDC",14.7,12.3,14.4,0,2.2,32.8,51.7,13.9,17.2,34.3,35.2,33.4,0,87.9,100,90.8,63.5,97.3,4946,NA,2,1,110,1
"9","Angola",2006,"LDC",43.4,47.4,28.2,72.4,NA,NA,95.4,25.8,39.5,34.1,NA,17.2,44.9,28.8,40,0,61.1,14.1,823.3,51.1,1,0,0,1
"10","Angola",2009,"LDC",49.8,41.4,26.8,55.3,NA,56.9,100,13.7,58.1,36.7,NA,21.9,79.5,26,30.4,0,60.8,12.8,1963.3,51.5,1,0,25,1
"11","Angola",2012,"LDC",51.3,37.9,25,62.1,7.54,56.9,100,13.8,64.7,39.8,55.7,23.9,89.6,31.6,40,2.8,59.9,23.7,3747,NA,1,NA,NA,0
"12","Angola",2015,"LDC",39.7,36.6,23.7,61.5,4.1,57.1,100,14.3,42.9,50.6,66.9,34.4,35.1,41.9,78.3,4.6,60.8,23.9,4518,NA,1,0,1,1
"13","Antigua and Barbuda",2006,"non-LDC",56.5,67.8,100,65.8,NA,NA,5.2,5.3,45.2,55,NA,18,35.3,76.5,65.6,99.1,83.5,57.8,9366.7,92,2,NA,NA,0
"14","Antigua and Barbuda",2009,"non-LDC",51,68.6,100,44.6,NA,29.9,54.3,5.5,33.4,47.4,NA,2.8,19.4,85.4,59.2,99.1,83.1,100,11033.3,92.1,2,NA,NA,0
"15","Antigua and Barbuda",2012,"non-LDC",41.3,51.7,100,52.6,44.48,9.7,16,3.5,30.9,52.6,82.1,23.1,9.3,93,73.3,100,98.6,100,14023,NA,2,NA,NA,0
"16","Antigua and Barbuda",2015,"non-LDC",40.4,51.9,100,52,33.8,22,42.4,1.6,28.9,52.5,82.3,22.7,5.4,93.2,74.2,100,98.6,100,12686,NA,2,NA,NA,0
"17","Argentina",2006,"non-LDC",30,32.6,14.6,90.7,NA,NA,5.1,16.1,27.3,35.9,NA,15.1,18.7,98.4,100,96.8,96.9,100,3946.7,56.7,2,NA,NA,0
"18","Argentina",2009,"non-LDC",30.1,29,14.1,77.7,NA,10.2,3.7,16.6,31.3,33.4,NA,9.5,29.1,94.4,100,96.8,97.4,83.5,5220,57.2,2,NA,NA,0
"19","Argentina",2012,"non-LDC",25.4,31.8,13.8,88.2,15.62,9.7,5.7,13.8,18.9,34.1,47.2,21.1,3.7,94.5,100,96.7,97,84.3,7797,NA,2,NA,NA,0
"20","Argentina",2015,"non-LDC",23.8,29.7,13.5,88.3,8.7,8.5,6.3,10.6,17.9,34.4,48.6,20.2,1.3,98.8,100,98,97.2,100,13373,NA,2,NA,NA,0
"21","Armenia",2015,"non-LDC",36.3,26.6,54,28.7,0,23.8,13,34.7,45.9,46.8,64,29.7,45,97.8,98.8,96.6,99.5,96.2,3652,NA,2,12,16,1
"22","Azerbaijan",2015,"non-LDC",39.5,30,36.3,34.4,0,49.5,91.3,7.6,49,43.6,76.2,11,54.4,96.3,100,85.3,99.7,100,6421,NA,2,0,63,1
"23","Bahamas",2006,"non-LDC",55,63.7,88.2,63.5,NA,NA,24.2,5.2,46.4,57.8,NA,46.6,34.9,94.2,94.4,97.2,94.9,90.5,14587,69.1,2,NA,NA,0
"24","Bahamas",2009,"non-LDC",52.4,57.5,87.6,38.4,NA,16.5,29.5,3.4,47.4,60.6,NA,58.9,34.1,93.9,94.4,95.9,95.2,90.3,18435.3,62.3,2,NA,NA,0
"25","Bahamas",2012,"non-LDC",48.8,64.8,87.1,52.4,100,19.7,37.7,1.7,32.9,51.9,55.9,47.9,13.8,95.2,98.3,94.1,94.9,93.3,21135,NA,2,NA,NA,0
"26","Bahamas",2015,"non-LDC",40.5,55.9,85.8,52,58,27.9,54,1.8,25.1,50.2,59.4,41,0,94.8,96.3,98.2,92.5,92.1,21512,NA,2,NA,NA,0
"27","Bahrain",2006,"non-LDC",47.4,61.2,75.7,57.2,NA,NA,70.9,1.1,33.6,41.4,NA,82.7,25.8,94.6,100,96.8,85.8,95.8,12743.3,0,2,NA,NA,0
"28","Bahrain",2009,"non-LDC",38,55.1,74.9,29.9,NA,40.7,80.8,0.6,20.9,15.5,NA,31.1,26.3,96,100,97.5,86.7,100,19350,0,2,NA,NA,0
"29","Bahrain",2012,"non-LDC",37.4,53.7,66.5,33.3,100,14.9,29.7,0,21.2,18.7,0,37.3,23.7,97.1,100,100,88.5,100,18730,NA,2,NA,NA,0
"30","Bahrain",2015,"non-LDC",33.3,52.4,66.4,30.1,97.9,15.3,30.6,0,14.2,28.4,0,56.8,0,96.9,100,100,92.7,95,19671,NA,2,NA,NA,0
"31","Bangladesh",2006,"LDC",25.8,22.3,0,60.8,NA,NA,23.3,33.1,29.3,44.9,NA,10.7,13.7,50.1,56,69.9,30.8,43.8,403.3,79.2,1,5,95,1
"32","Bangladesh",2009,"LDC",23.2,17.4,0,36.2,NA,33.4,35.3,31.4,29,44.6,NA,13,13.4,53.3,60.8,68.2,44,40.4,453.3,76.3,1,2,10,1
"33","Bangladesh",2012,"LDC",32.4,34.6,0,41.6,65.09,31.5,33,30.1,30.3,52.6,93.4,11.9,7.9,54.7,65,68.9,41.2,43.6,637,NA,1,0,2,1
"34","Bangladesh",2015,"LDC",25.1,22.7,0,36.1,25.5,29.4,31.7,27.2,27.5,49.4,89.9,8.8,5.6,63.8,80.5,81.2,45.1,48.5,926,NA,1,7,10,1
"35","Barbados",2006,"non-LDC",48.5,65.4,91,68,NA,NA,14.7,8.6,31.5,47.8,NA,30.6,15.3,99.7,100,99.1,99.9,100,9434,65,2,NA,NA,0
"36","Barbados",2009,"non-LDC",45.6,59.9,89.6,48.1,NA,12.2,17.9,6.4,31.4,48.6,NA,28.9,14.1,99.6,100,98.4,99.9,100,11179,68.4,2,NA,NA,0
"37","Barbados",2012,"non-LDC",29.3,39.3,90.7,55.3,6.21,4.9,7.5,2.3,19.4,30.7,39.3,22.1,8.1,99,100,96.4,99.7,100,12135,NA,2,NA,NA,0
"38","Barbados",2015,"non-LDC",27.8,38.3,90.1,54.7,2,6.4,12.1,0.7,17.3,28.1,39.1,17.2,6.5,99.2,100,97.3,99.6,100,15100,NA,2,NA,NA,0
"39","Belize",2006,"non-LDC",47.9,73.7,91,71,NA,NA,59.9,23.8,22,16,NA,32,28,83.4,97.6,86.5,73,76.7,3590,0,2,NA,NA,0
"40","Belize",2009,"non-LDC",44.9,63.7,89.7,49.4,NA,26.2,33.1,19.3,26,14.9,NA,29.7,37.1,85.5,100,94.3,70.1,77.4,3703.3,0,2,NA,NA,0
"41","Belize",2012,"non-LDC",49.5,59.5,88.4,64.6,57.62,27.5,36.5,18.4,39.5,61.2,88.3,34.2,17.7,82.9,100,92.8,66.8,72,3787,NA,2,NA,NA,0
"42","Belize",2015,"non-LDC",45.2,58.2,87.8,64.4,58.7,22.1,22.5,21.8,32.1,58.9,88.8,28.9,5.4,86.8,97.5,95.9,69.2,84.5,4596,NA,2,NA,NA,0
"43","Benin",2006,"LDC",51.9,46.5,38,59.8,NA,NA,41.9,58.3,57.4,47,NA,26.9,67.8,39.9,80,34.1,22,23.6,450,67,1,NA,NA,0
"44","Benin",2009,"LDC",42.5,44.4,36.5,42.2,NA,62.3,61.5,63.1,40.6,40.1,NA,13.4,41.2,41.1,73.6,34.2,28.3,28.4,536.7,66.8,1,NA,NA,0
"45","Benin",2012,"LDC",36.2,39.3,36.9,46.3,29.93,44.1,30.2,58.1,33,48.3,73.5,23.1,17.7,41.1,88.3,23.8,22.2,30.1,763,NA,1,NA,NA,0
"46","Benin",2015,"LDC",31.2,38.6,34.9,45.9,33.9,39.8,20.6,59,23.8,46.4,73.2,19.7,1.1,50.1,92.2,54.4,4.9,49.1,753,NA,1,NA,NA,0
"47","Bhutan",2006,"LDC",46.6,61.9,59,83.5,NA,NA,37,55.4,31.3,31.6,NA,26,31.1,44.4,67.2,68,37.7,4.6,690,37.2,1,NA,NA,0
"48","Bhutan",2009,"LDC",52.9,61.7,77.1,56,NA,36.8,34,39.7,44.1,37.9,NA,25.5,50.3,58.6,72,70.3,46.6,45.7,1486.7,50.4,1,NA,NA,0
"49","Bhutan",2012,"LDC",44.2,42.5,75.5,58.3,0,36.1,41.9,30.3,45.9,53,63.8,42.3,38.8,59,75,67.6,37.1,56.5,1700,NA,1,NA,NA,0
"50","Bhutan",2015,"LDC",40.2,38.9,75.2,52.7,0,27.7,28.1,27.2,41.5,56,66.6,45.5,27,67.9,75,84.1,37.1,75.2,2277,NA,1,NA,NA,0
"51","Bolivia",2006,"non-LDC",40,48.5,36.7,100,NA,NA,19.2,21.6,31.5,43.7,NA,22.1,19.2,78.2,70.4,72.9,84.3,85.2,936.7,65.3,2,NA,NA,0
"52","Bolivia",2009,"non-LDC",42.9,50,35.9,100,NA,28.1,35.6,20.6,35.8,38.7,NA,12,33,77.9,68.8,72.9,88.5,81.4,1130,65.3,2,NA,NA,0
"53","Bolivia",2012,"non-LDC",33.6,40.6,35.3,98.3,0,28.7,37.3,20.1,26.7,40.8,73.5,8.2,12.6,74.8,63.3,69.3,87.6,78.9,1647,NA,2,NA,NA,0
"54","Bolivia ",2015,"non-LDC",32.1,40.8,34.4,98.1,0,30.7,42.2,19.2,23.3,40.4,77,3.7,6.3,82.2,75.8,82.4,92.6,77.8,2234,NA,2,NA,NA,0
"55","Botswana",2006,"non-LDC",58.8,67.2,62.1,100,NA,NA,85.7,3.8,50.3,55.9,NA,36.4,44.7,64.4,52.8,58.2,75.4,71.4,3550,75.4,2,NA,NA,0
"56","Botswana",2009,"non-LDC",57.3,65,60.9,100,NA,38.3,73.5,3.1,49.6,51.5,NA,27.3,47.7,70.6,62.4,65.6,79.5,75,5626.7,75.7,2,NA,NA,0
"57","Botswana",2012,"non-LDC",43,47.1,59.9,95.4,0,32.9,63.3,2.4,38.9,48.8,66.4,31.2,28.9,73.5,66.7,70.9,78.8,77.8,6513,NA,2,NA,NA,0
"58","Botswana",2015,"non-LDC",43.4,49.2,60,94.9,0,41.9,80.9,3,37.7,45.2,59.2,31.2,30.2,75.9,64,77.8,82.3,79.7,7410,NA,2,NA,NA,0
"59","Brazil",2006,"non-LDC",23.8,23,0,84.7,NA,NA,0,14.8,24.6,32.9,NA,9.9,16.3,91.3,89.6,88.9,86.6,100,2903.3,55.9,2,5,22,1
"60","Brazil",2009,"non-LDC",21,18.9,0,70.2,NA,5.3,0,10.6,23,31.1,NA,6.1,14.9,93.2,94.4,89.6,88.8,100,4836.7,56.2,2,5,40,1
"61","Brazil",2012,"non-LDC",21.8,23.7,0,79.5,9.53,5.7,3,8.4,20,32.7,60.3,5.1,7.3,93.4,98.3,88.4,86.7,100,8320,NA,2,6,11,1
"62","Brazil",2015,"non-LDC",20.3,23.4,0,79.2,7.3,7.1,6.6,7.6,17.3,33,61.3,4.8,1.5,96.6,100,97.8,88.4,100,11338,NA,2,NA,NA,0
"63","Brunei Darussalam",2006,"non-LDC",56.2,68.9,86,71.8,NA,NA,58.8,5,43.4,35.2,NA,70.3,51.7,95,99.2,100,91.6,89.4,20809.7,0,2,NA,NA,0
"64","Brunei Darussalam",2009,"non-LDC",48.9,65.8,85,56.2,NA,37,72.5,1.5,32,31.2,NA,62.4,32.8,97.8,100,100,94,97.2,25466.7,0,2,NA,NA,0
"65","Brunei Darussalam",2012,"non-LDC",38.7,47.5,84.7,58.4,13.53,33.5,66.9,0,30,27,0,54,32.9,98.4,100,100,93.7,100,32740,NA,2,NA,NA,0
"66","Brunei Darussalam",2015,"non-LDC",31.8,44,84.2,53.8,4.6,33.2,66.3,0,19.6,31.3,0,62.6,7.8,98.5,100,100,93.9,100,37012,NA,2,NA,NA,0
"67","Burkina Faso",2006,"LDC",46.7,49.9,31.1,79.5,NA,NA,59.1,56.4,43.5,39.8,NA,33.9,47.2,24.6,73.6,19,0,5.6,303.3,45.7,1,NA,NA,0
"68","Burkina Faso",2009,"LDC",43.8,44.5,29,63.2,NA,56.9,57,56.9,43.1,44.5,NA,29.4,41.7,33.2,88,20.5,14.1,10.4,416.7,59.7,1,NA,NA,0
"69","Burkina Faso",2012,"LDC",37.5,36.1,27.3,58.7,0,58.6,52.2,65,39,41.8,49.8,33.9,36.1,29.2,95,4.9,5,11.9,507,NA,1,NA,NA,0
"70","Burkina Faso",2015,"LDC",39.5,34.9,27.3,58.7,0,53.5,51,56,44,52.8,71.4,34.2,35.3,36.5,73.8,46.9,5,20.4,666,NA,1,NA,NA,0
"71","Burundi",2006,"LDC",59.9,62,39.7,95.5,NA,NA,64.7,81.7,57.7,40.5,NA,22.4,74.9,20.1,0,23,51.8,5.6,90,58.6,1,50,185,1
"72","Burundi",2009,"LDC",56.8,54.1,37.3,80.5,NA,61.3,59.6,63.1,59.5,44,NA,20,75,22.1,3.2,25,51,9.1,100,68,1,NA,NA,0
"73","Burundi",2012,"LDC",57.2,42.9,37.8,76.7,0,57.1,48.6,65.6,71.4,62.9,80.4,45.4,79.9,20.8,5,6.4,55.4,16.4,153,NA,1,0,9,1
"74","Burundi",2015,"LDC",49.9,40.5,35.2,75.5,0,51.4,39.2,63.7,59.2,54.8,79.5,30.1,63.6,41,0,55.8,82.6,25.7,239,NA,1,78,220,1
"75","Cabo Verde",2006,"LDC",57.9,62.5,81.3,60,NA,NA,45,10.3,53.3,74,NA,78.2,32.6,82.1,100,88.7,71.6,68.2,1486.7,69.8,1,NA,NA,0
"76","Cabo Verde",2009,"non-LDC",48.1,57.7,80.2,40,NA,30.3,44.1,16.5,38.4,59.7,NA,49.6,17.2,81.9,80,88.7,80.6,78.1,2180,69.7,2,NA,NA,0
"77","Cabo Verde",2012,"non-LDC",35.2,42.8,81.5,46.2,18.12,25.5,39.6,11.5,27.5,46.1,61.4,30.9,8.9,86.8,90,91.2,79.7,86.1,3110,NA,2,NA,NA,0
"78","Cabo Verde",2015,"non-LDC",38.8,42.6,81.5,45.7,16.1,27.1,40.3,14,35,54.3,61.2,47.3,15.7,88.6,91.8,90.3,80.4,91.9,3595,NA,2,NA,NA,0
"79","Cambodia",2006,"LDC",52.3,43.4,30.2,67,NA,NA,35.9,56.7,61.2,56.2,NA,35.2,66.2,46,51.2,43.3,69.1,20.5,303.3,77.2,1,NA,NA,0
"80","Cambodia",2009,"LDC",55.6,37.1,29.5,47.1,NA,42.2,31.2,53.2,74.2,50.3,NA,23.8,98.1,57.8,62.4,58.5,71.6,38.5,490,76.8,1,NA,NA,0
"81","Cambodia",2012,"LDC",50.5,39.5,29.9,50.4,34.1,43.7,28.9,58.5,61.4,63.6,95.1,32.1,59.2,57.9,66.7,54.7,70.1,40.2,707,NA,1,NA,NA,0
"82","Cambodia",2015,"LDC",38.3,34.3,29,45.2,20.5,42.5,26.9,58.1,42.2,63.2,96.6,29.8,21.3,67.2,81.5,83.1,65.2,38.9,852,NA,1,NA,NA,0
"83","Cameroon",2006,"non-LDC",33.1,39.4,27.9,62.3,NA,NA,41,38.5,26.7,19.6,NA,11,33.9,46.7,64,33.6,62.4,26.8,666.7,28.1,2,NA,NA,0
"84","Cameroon",2009,"non-LDC",31.3,33.5,25.6,41.6,NA,41.2,48.5,33.9,29.1,24.1,NA,5.8,34.1,47.1,67.2,39.1,61.4,20.6,983.3,42.4,2,0,0,1
"85","Cameroon",2012,"non-LDC",23.4,28.9,24.7,48.2,4.13,38.6,38.5,38.7,17.8,8.1,11.9,4.4,27.4,45.5,71.7,13.8,60.9,35.8,1183,NA,2,NA,NA,0
"86","Cameroon",2015,"non-LDC",19,26.9,23.1,47.6,1.3,35.5,33.7,37.4,11,15.8,20.6,10.9,6.3,61.6,90.8,48.8,61.7,44.9,1188,NA,2,336,1259,1
"87","Central African Republic",2006,"LDC",50.8,64.7,49.4,87.7,NA,NA,45.9,98.9,36.9,42.7,NA,12.9,31,27.3,35.2,27.9,39.6,6.7,276.7,72.6,1,133,179,1
"88","Central African Republic",2009,"LDC",45.1,58.2,48,68.7,NA,68.2,45,91.4,31.9,45.1,NA,13.8,18.7,27.2,35.2,29.5,38.1,6.2,363.3,76.4,1,93,179,1
"89","Central African Republic",2012,"LDC",35.7,43.3,47.7,66.4,0,59,29,89.1,28,30,48.4,11.6,26,21.6,41.7,1.3,40.3,2.9,447,NA,1,38,96,1
"90","Central African Republic",2015,"LDC",33.5,40.7,47.3,65.5,0,50,30.8,69.3,26.3,30.1,51.8,8.4,22.6,22.9,45.7,21.7,15.7,8.7,439,NA,1,345,621,1
"91","Chad",2006,"LDC",62.8,49.8,35.8,71.3,NA,NA,62.4,49.8,75.9,51.8,NA,34.1,100,22.2,49.6,16,12.4,10.9,236.7,69.5,1,570,1956,1
"92","Chad",2009,"LDC",53.5,45.4,33.8,48.5,NA,65.6,94.5,36.7,61.6,52.7,NA,36.5,70.5,20,41.6,18,10.3,10,463.3,69,1,10,135,1
"93","Chad",2012,"LDC",52.8,37.5,33.2,55.8,0,60.9,89.7,32.1,68.2,56.9,81.6,32.3,79.4,18.1,43.3,0,11.5,17.4,593,NA,1,NA,NA,0
"94","Chad",2015,"LDC",46,37.1,31.6,55,0,61.7,91.6,31.7,54.8,54.2,84.5,23.9,55.5,24.4,50.3,16.7,16.4,14.2,444,NA,1,119,397,1
"95","Chile",2006,"non-LDC",34.1,40.6,27.9,92,NA,NA,19.8,9.2,27.6,36.4,NA,9.6,18.9,95.3,97.6,100,95.2,88.3,4536.7,63.2,2,NA,NA,0
"96","Chile",2009,"non-LDC",32.5,39,27.4,80,NA,21.3,35.5,7.1,26,34.5,NA,5.6,17.5,96.7,100,100,96.1,90.6,7143.3,63.4,2,NA,NA,0
"97","Chile",2012,"non-LDC",31.2,34.5,27,89.9,3.16,18,32,4.1,27.9,38.9,71.4,6.5,16.8,96.2,100,100,98.1,86.6,9640,NA,2,NA,NA,0
"98","Chile",2015,"non-LDC",26.1,33.8,26.7,90,1.1,17.5,30.9,4.2,18.5,36.9,70.8,3,0,96.5,100,100,98.1,87.8,13916,NA,2,NA,NA,0
"99","China",2006,"non-LDC",23.2,19.8,0,66.3,NA,NA,0,25.3,26.6,43.7,NA,4.1,9.5,82.7,86.4,86.7,89.5,68.2,1120,83.3,2,NA,NA,0
"100","China",2009,"non-LDC",22.9,13.3,0,42.8,NA,10.4,1.2,19.5,32.5,42.1,NA,0,22.9,86.6,89.6,90.5,92.2,74,2036.7,84.2,2,11,189,1
"101","China",2012,"non-LDC",24,15.6,0,37.8,16.28,8.2,0.5,16,32.4,50,100,0,14.8,87.9,91.7,90.1,92,77.8,3643,NA,2,NA,NA,0
"102","China",2015,"non-LDC",20.7,14.5,0,31.4,18.7,7.8,0,15.5,26.9,49.8,99.5,0,4,92.6,90.7,98.4,93.5,87.8,5623,NA,2,5,5,1
"103","Colombia",2006,"non-LDC",27.5,22.6,12.1,49.7,NA,NA,12.6,20.3,32.3,40.4,NA,7.3,24.2,84,83.2,90.1,93.4,69.2,1886.7,73.6,2,95,588,1
"104","Colombia",2009,"non-LDC",20.9,13.3,11.7,13.8,NA,16,12.6,19.4,28.4,39.3,NA,4.8,17.6,89.2,88,92,92.5,84.2,2776.7,73.8,2,42,419,1
"105","Colombia",2012,"non-LDC",23.1,25.1,11.6,67.4,5.04,16.3,22,10.7,21,37,70.7,3.3,5.1,92.6,93.3,90.3,91,96,5067,NA,2,23,227,1
"106","Colombia",2015,"non-LDC",22.9,26.5,11.2,67,3.5,24.1,39.1,9.2,19.3,38.6,72.5,4.8,0,92.2,89.3,95.8,91.4,92.2,6901,NA,2,5,143,1
"107","Comoros",2006,"LDC",63.6,76.7,74.3,78.4,NA,NA,91.9,68.1,50.5,24.1,NA,7.4,76.8,37.8,4.8,70.8,48.6,26.8,450,40.8,1,NA,NA,0
"108","Comoros",2009,"LDC",56.9,67.6,73.1,62.2,NA,62.1,44.6,79.5,46.2,21.8,NA,0.5,70.6,48.2,20.8,70.8,70.1,31.2,666.7,43.2,1,NA,NA,0
"109","Comoros",2012,"LDC",49.9,56.8,75.2,68,20.41,63.5,46.9,80,43,46.9,80.3,13.6,39.1,45.3,30,45.3,65.5,40.4,727,NA,1,NA,NA,0
"110","Comoros",2015,"LDC",45.8,60.5,75.6,66.7,37.8,62,50.7,73.3,31.2,44.1,83.4,4.8,18.3,54.2,30,58.8,67.9,59.9,855,NA,1,NA,NA,0
"111","Congo",2006,"non-LDC",49.6,54.6,49.5,69.8,NA,NA,88.6,10.5,44.6,38.7,NA,4.4,50.5,52.5,44.8,57.3,80,27.9,680,73,2,NA,NA,0
"112","Congo",2009,"non-LDC",48.3,50.4,50.1,51.4,NA,50,90.5,9.4,46.2,39.4,NA,2.9,52.9,62.4,68.8,57,84.3,39.4,1320,76,2,NA,NA,0
"113","Congo",2012,"non-LDC",36.4,38.5,49,57.5,4.21,43.3,80.5,6.1,34.4,29.4,52,6.9,39.4,59.3,86.7,37.2,74.8,38.5,1990,NA,2,0,2,1
"114","Congo",2015,"non-LDC",27.5,37.6,47.9,56.7,1.4,44.6,84,5.1,17.4,28.1,52.5,3.7,6.7,63.3,55.8,76.3,72.4,48.5,2671,NA,2,0,1,1
"115","Costa Rica",2006,"non-LDC",38.6,46.7,48.3,74.7,NA,NA,18.2,12.8,30.6,42.7,NA,13.5,18.4,89,97.6,99.1,95.3,63.9,4350,71.9,2,NA,NA,0
"116","Costa Rica",2009,"non-LDC",36.1,41.5,47.6,56.6,NA,14.3,14.9,13.7,30.7,39,NA,6.1,22.3,95.3,100,99.1,95.3,86.6,5066.7,71.8,2,NA,NA,0
"117","Costa Rica",2012,"non-LDC",32.5,33.8,46.9,67.4,3.37,17.4,24.6,10.2,31.1,44.4,78.8,10,17.8,98.4,100,99.2,94.7,99.7,6353,NA,2,NA,NA,0
"118","Costa Rica",2015,"non-LDC",29.4,34.7,46.5,67.2,1,24,39.9,8,24.2,41.6,76.5,6.7,6.9,98.8,98.5,100,96.5,100,8628,NA,2,NA,NA,0
"119","Cuba",2006,"non-LDC",42.8,39.4,33.6,66.1,NA,NA,38.2,10.6,46.2,59.8,NA,44.6,32.6,97.9,99.2,100,100,92.6,2772.7,75.1,2,NA,NA,0
"120","Cuba",2009,"non-LDC",42,33.6,33.6,42.1,NA,25.1,41.5,8.7,50.4,60.5,NA,45.7,40.2,98.1,100,100,100,92.2,4476.3,75.3,2,NA,NA,0
"121","Cuba",2012,"non-LDC",37.9,32.7,33.6,56.7,19.06,21.5,36.3,6.8,43.1,68.9,92.3,45.5,17.3,97,100,100,99.8,88.2,5520,NA,2,NA,NA,0
"122","Cuba",2015,"non-LDC",32.9,27.7,33.6,56.4,8.3,12.6,18.4,6.8,38.1,62.3,91.5,33.1,13.8,97.8,100,100,99.8,91.2,6297,NA,2,NA,NA,0
"123","Cyprus",2015,"non-LDC",16.8,25.3,68.8,4.8,16.1,11.4,20.4,2.4,8.2,16.5,13.7,19.3,0,98.3,100,100,98.2,94.8,29236,NA,2,NA,NA,0
"124","Democratic Republic of the Congo",2006,"LDC",42.6,39.2,8.5,69.8,NA,NA,53.6,86.6,46,34.4,NA,12,57.6,21.2,0,12.3,59.3,13,103.3,56.9,1,NA,NA,0
"125","Democratic Republic of the Congo",2009,"LDC",49.3,30.5,6.7,51.3,NA,57.3,33.9,80.6,68,36.1,NA,14.9,100,22.6,0,12.7,60.5,17.2,130,57.3,1,NA,NA,0
"126","Democratic Republic of the Congo",2012,"LDC",35.4,28.2,6,57.5,0.05,49.1,29.4,68.8,42.6,22.2,27.9,16.5,63,21.7,0,0,55.8,31,170,NA,1,NA,NA,0
"127","Democratic Republic of the Congo",2015,"LDC",30.3,25.8,6,56.8,0.1,40.2,45.5,34.8,34.8,20.4,29,11.9,49.1,29.9,0,34.2,48.3,37,386,NA,1,NA,NA,0
"128","Djibouti",2006,"LDC",60.2,61.1,74.4,64.7,NA,NA,56.9,5.2,59.2,60.1,NA,39.5,58.2,44.7,60.8,43.4,59.6,15.2,943.3,80.7,1,NA,NA,0
"129","Djibouti",2009,"LDC",51.2,49.2,73.4,41.2,NA,8.8,11.5,6.2,53.2,50.8,NA,21.4,55.6,44.5,52.8,43.1,64.3,17.8,1050,80.2,1,NA,NA,0
"130","Djibouti",2012,"LDC",46.3,46.9,72.3,46,57.97,11.4,17.9,5,45.7,66,95.4,36.5,25.4,42.4,65,36.3,39.5,28.9,1235,NA,1,NA,NA,0
"131","Djibouti",2015,"LDC",37.7,40.7,72.9,43.7,35.3,10.9,17.3,4.6,34.7,62.9,96.3,29.5,6.5,54.6,76.8,63.9,37.3,40.2,1629,NA,1,NA,NA,0
"132","Dominica",2006,"non-LDC",60.8,74.4,100,67,NA,NA,36,25.6,47.1,50.4,NA,42.3,43.8,93.9,91.2,98.3,86.1,100,3406.7,58.5,2,NA,NA,0
"133","Dominica",2009,"non-LDC",56.2,69.7,100,46.4,NA,32.3,35.1,29.6,42.7,56.8,NA,23.9,28.6,95.9,100,97.8,85.7,100,4203.3,89.6,2,NA,NA,0
"134","Dominica",2012,"non-LDC",39.2,47.6,100,54,9.62,26.8,33,20.7,30.8,48.7,69.3,28.2,12.9,95.1,100,98.2,84,98,6710,NA,2,NA,NA,0
"135","Dominica",2015,"non-LDC",39.5,50.2,100,53.4,16.6,30.7,36.3,25.1,28.9,47.7,69.3,26.1,10,94.9,100,99.2,84,96.4,6665,NA,2,NA,NA,0
"136","Dominican Republic",2006,"non-LDC",41.8,38.9,37.2,65.9,NA,NA,15.1,15.2,44.8,41.4,NA,9.9,48.2,71.9,64,82.3,84.9,56.5,2193.3,72.9,2,NA,NA,0
"137","Dominican Republic",2009,"non-LDC",41.1,31,35.6,43.9,NA,9.1,7.7,10.6,51.1,42.2,NA,12,60,80.7,70.4,87.3,87.1,77.9,2913.3,72.4,2,NA,NA,0
"138","Dominican Republic",2012,"non-LDC",24.5,25.3,35.3,54.3,4.65,6.7,4.9,8.6,23.7,39.9,66.8,12.9,7.5,78.1,68.3,86,84.3,73.8,4730,NA,2,NA,NA,0
"139","Dominican Republic",2015,"non-LDC",22.1,24.5,34.8,53.8,3.5,6,3.8,8.2,19.6,39.1,67.4,10.9,0,83.5,83.8,89,87.8,73.2,5395,NA,2,NA,NA,0
"140","Ecuador",2006,"non-LDC",36,41.5,31.1,79.6,NA,NA,36.5,12.1,30.5,45.2,NA,23.7,15.9,83.8,97.6,91.4,89.6,56.5,1840,66.6,2,NA,NA,0
"141","Ecuador",2009,"non-LDC",37.5,38.2,30.8,59.7,NA,31.4,50.9,11.9,36.8,43.7,NA,20.8,29.8,82.1,80,91.4,91.3,65.6,2896.7,66.7,2,NA,NA,0
"142","Ecuador",2012,"non-LDC",31.7,37.6,29.5,72.3,20.03,28.5,47.3,9.8,25.8,41.9,62.4,21.4,9.7,82.8,83.3,90.5,78.9,78.3,3673,NA,2,NA,NA,0
"143","Ecuador",2015,"non-LDC",27.8,36.8,28.4,72,14.8,32,49.3,14.7,18.9,37.7,59.7,15.7,0,93.3,89.7,92.4,91.1,100,5271,NA,2,NA,NA,0
"144","Egypt",2006,"non-LDC",19.2,18.6,4.6,39.5,NA,NA,26.3,24.7,19.8,26.7,NA,7.8,12.9,79.2,99.2,85.7,47.9,84.1,1390,45.6,2,0,2,1
"145","Egypt",2009,"non-LDC",21,9.8,4.1,4,NA,27.3,30.1,24.5,32.1,27.2,NA,8.6,37.1,84.9,100,86.1,66.4,87,1403.3,45.7,2,0,1,1
"146","Egypt",2012,"non-LDC",18.8,21.2,3,13.2,54.56,14.1,6.8,21.4,16.4,13.4,19.4,7.5,19.3,81.6,100,88,55.2,83.1,2153,NA,2,0,75,1
"147","Egypt",2015,"non-LDC",18.7,22.7,3,11.4,61.5,14.8,7.7,21.8,14.7,12.3,13.6,10.9,17.2,85.7,100,92.8,65.2,84.8,2924,NA,2,230,974,1
"148","El Salvador",2006,"non-LDC",32.7,41.2,41.2,74,NA,NA,2.8,14.1,24.2,21.9,NA,12,26.5,77.1,86.4,89.3,76.2,56.5,2226.7,31.9,2,NA,NA,0
"149","El Salvador",2009,"non-LDC",32.5,37.3,41,54.6,NA,12.7,5.9,19.4,27.6,21.6,NA,11.3,33.6,80.6,88,89.3,82.7,62.5,2686.7,32,2,NA,NA,0
"150","El Salvador",2012,"non-LDC",31,32.5,42.7,67.3,3.75,16.3,13.8,18.7,29.4,46.6,78.3,14.8,12.2,80.4,93.3,90.3,78.8,59,3360,NA,2,NA,NA,0
"151","El Salvador",2015,"non-LDC",29.1,31.3,42.4,67.2,1.4,14.4,11.3,17.5,26.9,46.6,80.1,13.2,7.1,82.5,85.8,96.5,80.7,66.9,3589,NA,2,NA,NA,0
"152","Equatorial Guinea",2006,"LDC",70.7,75.2,81.4,62.7,NA,NA,92.7,57.9,66.2,52.3,NA,28.5,80.1,55.6,89.6,25.4,81.6,25.8,3393.3,76.1,1,NA,NA,0
"153","Equatorial Guinea",2009,"LDC",60.5,64,80.9,43.2,NA,50.9,94.8,6.9,57.1,14.2,NA,4.9,100,49.5,56,29.6,84.5,27.8,8956.7,23.6,1,NA,NA,0
"154","Equatorial Guinea",2012,"LDC",43.7,43.5,75.9,48.5,9.11,40.4,78.9,1.8,43.9,4.4,0,8.8,83.4,43,58.3,4.7,91.1,18,15090,NA,1,NA,NA,0
"155","Equatorial Guinea",2015,"LDC",39.3,44.1,75.1,47.9,15.5,38,75.4,0.6,34.5,2.8,0,5.6,66.3,54.8,58.3,48,92.7,20.2,16089,NA,1,NA,NA,0
"156","Eritrea",2006,"LDC",64,50.2,48,64.7,NA,NA,57.5,22.7,77.7,76.8,NA,93.3,78.7,34.1,0,63.5,49.2,23.6,163.3,60.3,1,NA,NA,0
"157","Eritrea",2009,"LDC",55.5,36.4,46.1,33.5,NA,20.1,10.2,30.1,74.5,65.1,NA,70.5,83.9,36.2,0,65.5,52.5,26.9,196.7,59.7,1,NA,NA,0
"158","Eritrea",2012,"LDC",59,25.7,44.8,39.4,2.38,16.3,8.1,24.6,92.2,84.5,96.2,72.7,100,35.6,0,62.6,55.4,24.4,293,NA,1,NA,NA,0
"159","Eritrea",2015,"LDC",56.8,30.1,42.4,37,2.2,38.9,50.3,27.4,83.4,70.6,89.8,51.4,96.1,41.2,6.2,75.8,60.7,22,444,NA,1,NA,NA,0
"160","Ethiopia",2006,"LDC",39.3,31.7,3.9,64.7,NA,NA,36.6,71.6,47,60.1,NA,69.1,33.9,26.6,30.4,29.7,31.3,15.2,100,51.1,1,20,430,1
"161","Ethiopia",2009,"LDC",32,26.6,2.5,42.1,NA,59.5,39.1,79.9,37.4,36,NA,18.7,38.9,28.4,30.4,34.2,22.7,26.3,190,53.3,1,7,590,1
"162","Ethiopia",2012,"LDC",33.5,31,2.5,65.8,0,55.5,29.7,81.3,36,47.6,81.5,13.7,24.4,28.2,40,37.6,6.4,28.6,343,NA,1,88,385,1
"163","Ethiopia",2015,"LDC",31.8,29.5,0.9,63.7,0,53.2,29.5,76.9,34.2,48.8,82.8,14.7,19.6,39.2,50,67,18.7,21,395,NA,1,258,307,1
"164","Fiji",2006,"non-LDC",51.2,64.9,73.4,90.5,NA,NA,20.3,24.3,37.6,58.4,NA,42.1,16.8,89.8,96,92.5,91.9,78.8,2336.7,74.7,2,NA,NA,0
"165","Fiji",2009,"non-LDC",48.1,63.5,73.4,84.4,NA,22.7,22.9,22.4,32.6,49.2,NA,23.4,16.1,91.8,100,92.6,93.5,81.3,3650,74.9,2,NA,NA,0
"166","Fiji",2012,"non-LDC",44.9,52,73,92.3,25.09,17.5,13.9,21.1,37.8,57,85.4,28.7,18.6,92,100,92.4,90.7,85,3850,NA,2,NA,NA,0
"167","Fiji",2015,"non-LDC",38.8,49.4,72.8,91.7,14,19,19,19,28.3,53.8,81.1,26.4,2.8,92.3,100,91.8,90.7,86.9,3986,NA,2,NA,NA,0
"168","Gabon",2006,"non-LDC",42.8,61.7,65.8,66.9,NA,NA,83.6,13,23.9,3.1,NA,6.2,44.8,67.9,94.4,63,66,48,3426.7,0,2,NA,NA,0
"169","Gabon",2009,"non-LDC",38.6,56.7,66.2,46.7,NA,47.6,86.7,8.6,20.5,3.5,NA,7.1,37.5,74.4,100,62.3,83.5,51.9,5576.7,0,2,NA,NA,0
"170","Gabon",2012,"non-LDC",33,44.4,64.2,52.5,20.08,40.6,78.1,3.1,21.6,9.7,7.1,12.4,33.5,72.8,100,59.6,83.6,47.9,7623,NA,2,NA,NA,0
"171","Gabon",2015,"non-LDC",29.2,42.4,62.9,51.8,14.1,40.8,76.9,4.6,16.1,27.5,51.6,3.5,4.6,74.3,100,72.1,76.4,48.8,8875,NA,2,NA,NA,0
"172","Gambia",2006,"LDC",55.7,57.4,64.4,57.6,NA,NA,42.3,44,54,75.1,NA,91.5,32.9,41.5,60.8,48.3,26.9,30,276.7,58.7,1,NA,NA,0
"173","Gambia",2009,"LDC",56.3,53.8,62.2,39.7,NA,51,47.7,54.3,58.8,75,NA,92,42.5,42.6,56,42.1,30.7,41.5,286.7,57.9,1,NA,NA,0
"174","Gambia",2012,"LDC",67.8,50.2,62,45.2,53.64,40,31.5,48.5,85.4,70.8,56.3,85.2,100,49.2,76.7,42.6,28.7,49,433,NA,1,NA,NA,0
"175","Gambia",2015,"LDC",70.7,50.5,61.4,45.3,67.2,28,17.8,38.1,90.9,81.7,75.7,87.7,100,62.1,98.3,61.3,36,52.8,509,NA,1,NA,NA,0
"176","Georgia",2015,"non-LDC",31.4,20,48.2,9,7.9,15,16.7,13.2,42.8,58.7,68.6,48.8,26.9,97.4,92,98.1,99.7,100,3328,NA,2,NA,NA,0
"177","Ghana",2006,"non-LDC",41.5,38.9,23.2,62.2,NA,NA,34.1,60.2,44.1,52,NA,33.3,36.1,56.2,83.2,60.1,46.1,35.3,323.3,70.8,2,NA,NA,0
"178","Ghana",2009,"non-LDC",44.5,35.7,22,44,NA,54.9,40.2,69.7,53.2,41.2,NA,11.9,65.2,63.5,89.6,60.4,58,46.2,513.3,70.4,2,0,8,1
"179","Ghana",2012,"non-LDC",28.6,29.7,21.3,48,5.25,44.1,37.5,50.7,27.6,41.1,71.1,11.2,14.1,70.1,100,61.4,55.5,63.7,1190,NA,2,NA,NA,0
"180","Ghana",2015,"non-LDC",35.2,28,20.8,47.7,7.5,36.1,34.1,38.1,42.4,35.4,60.1,10.7,49.4,72,100,58.5,62,67.6,1572,NA,2,NA,NA,0
"181","Grenada",2006,"non-LDC",46.5,71.9,100,68.9,NA,NA,23.7,13.7,21.2,7.8,NA,15.6,34.6,95.5,91.2,95.2,95.5,100,3580,0,2,NA,NA,0
"182","Grenada",2009,"non-LDC",42.9,65.6,100,49.2,NA,13.2,16.5,9.9,20.1,5.4,NA,10.9,34.8,86.7,68.8,84,95.4,98.5,4670,0,2,NA,NA,0
"183","Grenada",2012,"non-LDC",45.7,44.1,100,56.8,9.19,10.6,14.5,6.7,47.2,60.5,84.3,36.7,33.9,90.9,73.3,95.8,94.7,100,6997,NA,2,NA,NA,0
"184","Grenada",2015,"non-LDC",44.4,42.7,100,56.2,5.4,9.2,10.9,7.5,46.2,69,84.2,53.7,23.4,93,78.5,98.9,94.7,100,7260,NA,2,NA,NA,0
"185","Guatemala",2006,"non-LDC",27.8,39.7,31.9,73.2,NA,NA,6,37.7,15.8,20.7,NA,6.4,10.9,62.7,65.6,81.8,63.8,39.6,1930,35.1,2,NA,NA,0
"186","Guatemala",2009,"non-LDC",29.2,32,30.6,53.1,NA,13.9,8.7,19,26.4,19.3,NA,3.6,33.5,70.6,78.4,83.3,67.8,52.9,2256.7,35,2,0,1,1
"187","Guatemala",2012,"non-LDC",24.3,27.6,29.4,67.3,1.95,11.5,4.6,18.4,21.1,40.1,74.9,5.4,2.1,68.4,71.7,82.2,66,53.9,2680,NA,2,NA,NA,0
"188","Guatemala",2015,"non-LDC",24.3,26.9,28.7,67.2,0.6,11.2,5.2,17.1,21.7,43.4,80,6.7,0,76.1,84.5,87.3,71,61.4,3114,NA,2,0,20,1
"189","Guinea",2006,"LDC",34.6,44.5,36.4,60.8,NA,NA,52.6,36.1,24.7,33,NA,10.7,16.4,36.2,62.4,32.4,30.7,19.4,433.3,55.2,1,15,15,1
"190","Guinea",2009,"LDC",27.9,40.7,36.1,44.2,NA,46.4,65.9,26.9,15.1,9.5,NA,0,20.8,37.4,76.8,26.9,15,31,413.3,18.9,1,160,160,1
"191","Guinea",2012,"LDC",28.6,35,35.1,49.2,11.36,44.6,49.4,39.7,22.2,26.3,48.1,4.6,18,36.8,81.7,15,19.3,31.2,377,NA,1,8,8,1
"192","Guinea",2015,"LDC",24.9,35.7,32.9,49.3,17.3,43.1,46.3,39.9,14.1,24.5,48,1,3.6,38.7,78.2,45,0.4,31.3,485,NA,1,3,3,1
"193","Guinea-Bissau",2006,"LDC",66.2,70.5,63.7,59,NA,NA,91.4,100,61.8,29.4,NA,14.9,94.3,25.6,48,12.5,29,13,143.3,43.8,1,NA,NA,0
"194","Guinea-Bissau",2009,"LDC",60.5,63.5,62.3,41.7,NA,87.8,76.4,99.2,57.6,24.9,NA,6.2,90.2,33.8,52.8,12.4,57.4,12.7,186.7,43.6,1,NA,NA,0
"195","Guinea-Bissau",2012,"LDC",60.5,58,64.1,46.6,37.3,83.9,92.7,75.1,63.1,38.3,65.2,11.4,87.8,34.2,71.7,0,36.3,28.9,547,NA,1,NA,NA,0
"196","Guinea-Bissau",2015,"LDC",53.6,60.4,62.6,46.8,43.6,88.5,98.4,78.5,46.7,35.3,64.6,6.1,58.2,44.8,78.8,31,42.3,27.2,567,NA,1,NA,NA,0
"197","Guyana",2006,"non-LDC",57.6,65.3,75.2,71.1,NA,NA,26.1,53.5,49.9,58.5,NA,45.7,41.3,87.2,89.6,74.7,96.1,88.3,913.3,71.2,2,NA,NA,0
"198","Guyana",2009,"non-LDC",49.4,59.1,75.5,48.1,NA,37.3,22.7,51.8,39.7,47.8,NA,24,31.5,92.1,94.4,74.9,99,100,1180,71.5,2,NA,NA,0
"199","Guyana",2012,"non-LDC",49.1,61.1,75.1,60.1,78.04,31.2,30.8,31.6,37.2,59.8,95.6,24.1,14.5,89.4,95,73.7,99.1,90,2637,NA,2,NA,NA,0
"200","Guyana",2015,"non-LDC",49.9,62,74.3,59.5,79.6,34.7,41,28.3,37.9,60.5,95.4,25.6,15.2,88.9,91.7,83.9,80,100,3410,NA,2,NA,NA,0
"201","Haiti",2006,"LDC",56.8,44,37.9,66.5,NA,NA,20.3,47.1,69.6,39.6,NA,6.6,99.7,38.5,28.8,56.5,43.5,25,410,72.6,1,NA,NA,0
"202","Haiti",2009,"LDC",52.2,44.6,35.8,44.5,NA,62.3,73.6,51,59.8,39.7,NA,6.1,79.9,39.8,11.2,68.5,54.4,25,490,73.3,1,NA,NA,0
"203","Haiti",2012,"LDC",47.3,35.8,35.2,55.4,13.12,39.5,46.2,32.8,58.8,51.7,89,14.3,66,35.6,13.3,55.6,31.6,41.8,645,NA,1,NA,NA,0
"204","Haiti",2015,"LDC",34.1,33.5,34.9,54.9,5.3,38.8,47.3,30.3,34.7,47.4,87.4,7.4,22.1,39.3,22,61.9,31.6,41.8,696,NA,1,NA,NA,0
"205","Honduras",2006,"non-LDC",35.6,42.2,40.5,73.1,NA,NA,11.6,18.1,29,41,NA,15.9,17.1,64.2,68.8,83.4,76.7,27.9,966.7,66.1,2,NA,NA,0
"206","Honduras",2009,"non-LDC",37.4,38.6,40.4,54,NA,19.4,17.6,21.3,36.2,47.6,NA,28.4,24.9,77,84.8,84.2,79.8,59,1490,66.8,2,NA,NA,0
"207","Honduras",2012,"non-LDC",30.5,32.1,39.3,66,6.6,16.6,14.8,18.3,28.9,53.5,84.9,22.1,4.3,79.8,88.3,82.1,78.1,70.5,1810,NA,2,0,18,1
"208","Honduras",2015,"non-LDC",30.5,31.4,38.7,65.8,2.6,18.7,15.9,21.5,29.6,52.6,85,20.1,6.6,82.2,88.2,92.6,80.5,67.7,2120,NA,2,NA,NA,0
"209","India",2006,"non-LDC",19.1,19.4,0,57.4,NA,NA,3.6,37,18.7,34.7,NA,8.7,2.7,59.1,70.4,61.4,54.3,50.2,543.3,60.7,2,702,2158,1
"210","India",2009,"non-LDC",17.5,12,0,30.3,NA,17.7,5,30.3,23.1,37.3,NA,6.7,8.9,61.7,70.4,65.3,59.2,51.9,836.7,68,2,411,1627,1
"211","India",2012,"non-LDC",21.4,16.4,0,39.4,8.96,17.3,5.7,28.9,26.4,50.2,89.2,11.2,2.5,61.2,76.7,62.2,50.3,55.7,1210,NA,2,281,800,1
"212","India",2015,"non-LDC",22.3,15.3,0,34.6,7.6,19,9.4,28.6,29.3,49.6,87.4,11.8,8.9,68.1,83,74.1,50.3,65,1426,NA,2,120,629,1
"213","Indonesia",2006,"non-LDC",24.8,24,0,81.2,NA,NA,2.9,26.7,25.7,33.7,NA,8.6,17.7,80,94.4,80.9,86,58.6,970,58.8,2,3,3,1
"214","Indonesia",2009,"non-LDC",23,17.9,0,58.7,NA,12.9,3.4,22.4,28.1,37.9,NA,10.3,18.3,79.1,76.8,86.1,89.9,63.6,1440,65.5,2,NA,NA,0
"215","Indonesia",2012,"non-LDC",22.6,26.8,0,64.2,28.03,15,6.2,23.8,18.4,33.7,58.9,8.6,3.1,83.1,86.7,84,89.6,72.3,2203,NA,2,NA,NA,0
"216","Indonesia",2015,"non-LDC",24.9,24.2,0,60.2,21,15.4,7.8,23,25.7,32.6,58.8,6.5,18.8,88.3,93.8,88.3,90.4,80.6,3304,NA,2,4,4,1
"217","Iran",2006,"non-LDC",41.2,28.2,5.6,50,NA,NA,85.1,18.4,54.1,39.5,NA,19.4,68.7,83.7,97.6,87.3,73.1,76.7,2016.7,59.7,2,0,52,1
"218","Iran",2009,"non-LDC",43.9,20,5,21.1,NA,49,80.3,17.6,67.7,35.5,NA,10.1,100,84.5,100,85.4,81.8,71,3000,60.9,2,25,158,1
"219","Iran",2012,"non-LDC",40.4,19.6,4.5,24.3,3.01,46.7,78.9,14.4,61.2,50.2,84.8,15.6,72.2,86.4,100,83.9,80,81.7,4310,NA,2,0,17,1
"220","Iran ",2015,"non-LDC",21.8,16.2,3.9,21.1,3.6,36.1,59.8,12.4,27.3,47,84.5,9.5,7.7,89.9,100,95.9,79,84.8,6438,NA,2,NA,NA,0
"221","Iraq",2006,"non-LDC",55.9,36.1,19.1,46.1,NA,NA,100,20.2,75.7,51.3,NA,100,100,44.3,56.5,50.5,30.8,39.6,897.3,2.7,2,762,4609,1
"222","Iraq",2009,"non-LDC",43.9,27,18.8,14.8,NA,55.5,100,11,60.8,21.6,NA,40.7,100,57.9,70.4,50.4,68.9,42,1855.7,2.5,2,707,1718,1
"223","Iraq",2012,"non-LDC",46.6,26.6,17.2,19.8,16.56,52.9,100,5.8,66.5,33,12.5,53.5,100,68,73.3,80.3,70.7,47.7,2223,NA,2,824,1407,1
"224","Iraq",2015,"non-LDC",40,25.7,16.7,16.8,16.6,52.7,100,5.4,54.4,26.1,12.7,39.6,82.7,68.6,69.2,85.5,72,47.9,5081,NA,2,1885,11251,1
"225","Israel",2006,"non-LDC",22.6,34.5,41.5,39.9,NA,NA,27.8,2.6,10.6,11.8,NA,23.6,9.4,97.3,100,100,96.6,92.6,16566.7,0,2,132,664,1
"226","Israel",2009,"non-LDC",17,26.7,40.8,7.3,NA,17.9,32.6,3.2,7.3,4.6,NA,9.2,10,97.1,100,100,96.7,91.8,20750,0,2,306,706,1
"227","Israel",2012,"non-LDC",13.5,17.9,39.7,12.8,7.68,11.3,21.1,1.6,9.2,11.5,14.4,8.5,6.9,96.5,100,100,96.1,90,25833,NA,2,9,73,1
"228","Israel",2015,"non-LDC",19.8,16.3,39.4,10.5,4.5,11,21.2,0.9,23.3,40.5,73.3,7.8,6.1,99.3,100,100,97,100,33531,NA,2,8,15,1
"229","Ivory Coast ",2006,"non-LDC",33.5,38.5,26.2,62.9,NA,NA,34,43.2,28.5,30,NA,15,27.1,41,81.6,22,39.1,21.5,683.3,44.9,2,NA,NA,0
"230","Ivory Coast ",2009,"non-LDC",31.5,32.5,25,45.8,NA,34.3,26.1,42.4,30.4,36.8,NA,14.2,24,40.3,81.6,21.4,38.3,20.1,870,59.4,2,NA,NA,0
"231","Ivory Coast ",2012,"non-LDC",20.9,30.1,24.6,49.4,9.05,37.4,29.6,45.1,11.7,6.5,0,13,16.9,43.8,85,31.9,40.3,18.1,1130,NA,2,NA,NA,0
"232","Ivory Coast ",2015,"non-LDC",18,30.9,24.5,49.3,10.8,39.1,28.2,50,5.1,6.2,0.2,12.1,4,45.7,83.8,45.5,21.3,32.3,1239,NA,2,NA,NA,0
"233","Jamaica",2006,"non-LDC",37.6,53.6,55.8,67.6,NA,NA,61.8,8.6,21.6,31.8,NA,20.6,11.3,88,88,95.3,85.7,83,2790,43,2,NA,NA,0
"234","Jamaica",2009,"non-LDC",34.6,47.3,55.4,45.9,NA,32.5,56,9,21.9,31.6,NA,15.9,12.2,90.4,96,96.1,83.3,86.3,3556.7,47.4,2,NA,NA,0
"235","Jamaica",2012,"non-LDC",33.5,37.5,55.3,57.9,11.25,25.5,43.1,7.9,29.5,49.5,78.7,20.2,9.6,91.4,100,88.5,81.8,95.1,4773,NA,2,NA,NA,0
"236","Jamaica",2015,"non-LDC",31.5,37,55.1,57.5,10.4,24.9,40.4,9.4,26.1,41.1,72.1,10.2,11.1,87.5,95.2,96,83.3,75.3,4996,NA,2,NA,NA,0
"237","Jordan",2006,"non-LDC",29.3,39.5,44,65.5,NA,NA,5.4,3.2,19.2,28.1,NA,56.3,10.3,89.8,92.8,92.8,88.3,85.2,1953.3,0,2,NA,NA,0
"238","Jordan",2009,"non-LDC",25.7,31.6,43,35.6,NA,5,5.3,4.6,19.8,26.8,NA,53.5,12.9,93.2,100,92.9,91.9,88,2663.3,0,2,NA,NA,0
"239","Jordan",2012,"non-LDC",20.7,15.6,42.4,14.1,0.04,5.7,8.8,2.7,25.8,49.1,56.6,41.5,2.5,92.7,100,91,89.6,90.1,4003,NA,2,NA,NA,0
"240","Jordan",2015,"non-LDC",20.5,14.4,40.3,11.5,0,5.7,7.9,3.6,26.6,45.9,55.9,36,7.3,94.6,100,94.7,97.2,86.5,4196,NA,2,NA,NA,0
"241","Kazakhstan",2015,"non-LDC",29.2,27.8,27.8,49.4,0,33.8,60.8,6.8,30.6,50.2,51.3,49,11,98.3,100,96.2,99.6,97.5,10002,NA,2,NA,NA,0
"242","Kenya",2006,"non-LDC",24.2,31.3,16.5,71.6,NA,NA,17.8,23.3,17.2,20.7,NA,21.2,13.7,50.6,51.2,53.2,69.1,29,406.7,20.1,2,24,219,1
"243","Kenya",2009,"non-LDC",18.4,27.6,14.7,52.5,NA,28.6,12.1,45,9.2,9.5,NA,9.7,8.8,55.9,52.8,55.4,68.3,47.3,596.7,9.4,2,40,170,1
"244","Kenya",2012,"non-LDC",26.6,24.7,13.5,57.6,1.31,26.6,11.2,42,28.4,56.8,95.2,18.3,0,59.1,53.3,44.7,82.7,55.7,767,NA,2,34,309,1
"245","Kenya",2015,"non-LDC",27.2,24.7,12.5,56.1,1.2,29.1,11.6,46.6,29.6,54.8,95.2,14.3,4.4,64.3,67.8,63.2,62.9,63.3,1065,NA,2,167,389,1
"246","Kiribati",2006,"LDC",84.3,82.3,100,82.9,NA,NA,63.9,28.8,86.2,72.4,NA,59.7,100,90.5,94.4,76.1,91.4,100,916.7,85.1,1,NA,NA,0
"247","Kiribati",2009,"LDC",75.3,75.3,100,75.2,NA,26.1,44.5,7.7,75.2,50.4,NA,15.7,100,87.6,96,76.1,91.2,87.2,1048.3,85,1,NA,NA,0
"248","Kiribati",2012,"LDC",82,85.3,100,84.7,100,56.4,70.7,42.1,78.7,57.4,91.1,23.7,100,86.9,100,74.2,89.3,84,1937,NA,1,NA,NA,0
"249","Kiribati",2015,"LDC",71.5,87,100,83.6,100,64.5,86.4,42.7,56,57.8,91.3,24.4,54.2,86.3,100,70.8,89.3,84.9,2489,NA,1,NA,NA,0
"250","Kuwait",2015,"non-LDC",27.1,40.7,52.1,24.4,49.7,36.5,73,0,13.5,13.8,0,27.7,13.3,98.5,100,100,94,100,50562,NA,2,26,26,1
"251","Kyrgyzstan",2015,"non-LDC",29.6,27.7,44.5,49.1,0,17.2,5.8,28.6,31.6,47.2,79,15.5,15.9,93.9,98.3,91.4,99,86.9,1080,NA,2,NA,NA,0
"252","Laos",2006,"LDC",57.9,57,43.5,88.5,NA,NA,25,80.1,58.8,68,NA,36,49.5,54,68.8,43.2,63.3,40.6,350,100,1,73,73,1
"253","Laos",2009,"LDC",59.9,52.2,43.4,66.6,NA,55.5,25,80.1,67.6,68,NA,36,68.2,62.3,73.6,67.7,67.8,40,510,100,1,NA,NA,0
"254","Laos",2012,"LDC",37.1,36.7,42.5,64.3,0,39.8,27.6,52,37.4,57.5,88.9,26.2,17.3,61.4,71.7,71.7,63.6,38.5,913,NA,1,NA,NA,0
"255","Laos",2015,"LDC",36.2,33.1,41.4,58.8,0,32.2,22.4,41.9,39.4,54.6,88.9,20.4,24.2,60.8,72,62.8,63.6,45,1232,NA,1,NA,NA,0
"256","Lebanon",2006,"non-LDC",36,38.1,51.2,38.4,NA,NA,12.8,10.5,33.8,37.8,NA,30.2,29.8,88.5,99.2,92.8,84.3,77.7,4456.7,45.5,2,546,747,1
"257","Lebanon",2009,"non-LDC",35.7,26.9,49,4,NA,5.8,2.9,8.8,44.6,31,NA,17.5,58.1,89.3,100,91.3,86.1,79.9,5683.3,44.5,2,NA,NA,0
"258","Lebanon",2012,"non-LDC",26.9,20.8,48.5,10.8,19.64,4,0.4,7.6,33.1,33.4,47.8,19,32.9,88.8,100,89.7,86.1,79.4,7930,NA,2,0,52,1
"259","Lebanon",2015,"non-LDC",16.9,18.1,46.6,8.4,11.8,5.5,5.8,5.3,15.7,18.7,20.5,17,12.6,89.6,100,100,86.1,72.3,9098,NA,2,0,200,1
"260","Lesotho",2006,"LDC",50.5,63,61.8,100,NA,NA,29.6,26.8,38.1,35.3,NA,32.8,40.9,61.2,84.8,50.8,78.3,31.1,623.3,37.8,1,NA,NA,0
"261","Lesotho",2009,"LDC",49.9,62.3,60,100,NA,29.3,31.7,26.9,37.6,37.1,NA,36.7,38,61.9,80,55.5,78.7,33.2,940,37.4,1,NA,NA,0
"262","Lesotho",2012,"LDC",45.9,46.5,58.7,98.6,0,28.8,45.9,11.7,45.2,63.8,85.7,42,26.5,62.1,85,36.6,86.2,40.4,1050,NA,1,NA,NA,0
"263","Lesotho",2015,"LDC",42.9,46.4,59.6,98.1,0,27.7,43.5,12,39.5,58.1,89.1,27,20.9,62.9,89.2,46.7,67.7,48.1,1374,NA,1,NA,NA,0
"264","Liberia",2006,"LDC",67.9,62.4,52.5,63,NA,NA,62.9,100,73.5,47,NA,52.9,100,28.9,30.4,7.1,48.2,30,116.7,41.1,1,NA,NA,0
"265","Liberia",2009,"LDC",65.5,57.6,49.7,46.5,NA,84.4,68.8,100,73.3,46.7,NA,42.4,100,30.6,40,7.7,46.5,28.2,133.3,50.9,1,NA,NA,0
"266","Liberia",2012,"LDC",61,49.4,49,50.6,21.55,76.4,52.8,100,72.6,45.1,33.7,56.5,100,38.5,55,29.8,45.4,24,190,NA,1,NA,NA,0
"267","Liberia",2015,"LDC",57.9,45.9,48.4,50.8,18.2,66.2,32.4,100,69.9,39.9,33.6,46.1,100,46.2,59,63,23.9,39.1,340,NA,1,NA,NA,0
"268","Libya",2006,"non-LDC",37.6,38,43.6,19.8,NA,NA,75.5,14.6,37.2,9.3,NA,18.6,65.1,93.5,100,95.2,78.6,100,4556.7,0,2,NA,NA,0
"269","Libya",2009,"non-LDC",32.7,32.9,42.6,0,NA,46.4,87.4,5.4,32.5,9.4,NA,18.8,55.7,92.9,100,94.4,84.3,93.1,7423.3,0,2,NA,NA,0
"270","Libya",2012,"non-LDC",27.6,26.7,42.2,0,22.23,42.4,82.7,2.1,28.4,7.7,0,15.5,49.1,93.4,100,95.8,85.2,92.7,12495,NA,2,0,78,1
"271","Libya",2015,"non-LDC",29.1,25.8,42.8,0.2,17.6,42.5,83.2,1.8,32.5,4.5,0,9,60.5,95.9,100,97.3,86.5,100,10102,NA,2,247,1503,1
"272","Madagascar",2006,"LDC",41.6,43.9,25.9,79.3,NA,NA,45.1,43.6,39.3,43.1,NA,4,35.5,41.6,44.8,47.3,65.5,8.8,273.3,82.1,1,NA,NA,0
"273","Madagascar",2009,"LDC",37.2,35.6,24.6,65.5,NA,27.6,11.8,43.5,38.8,43.9,NA,5.4,33.6,45.5,44.8,50.8,64.8,21.8,296.7,82.3,1,NA,NA,0
"274","Madagascar",2012,"LDC",38,33.7,23.8,74,7.89,28.9,13.8,44,42.4,46.7,80.1,13.3,38.2,52.5,66.7,67.2,52.6,23.4,417,NA,1,NA,NA,0
"275","Madagascar",2015,"LDC",36.7,32.5,22.7,72.8,4.8,29.9,15.8,44,40.9,44.3,79.8,8.8,37.5,53.5,57.5,72.1,52.6,31.5,430,NA,1,NA,NA,0
"276","Malawi",2006,"LDC",48.8,55.2,31.5,100,NA,NA,59.5,56.1,42.5,53.5,NA,46.6,31.4,40.5,51.2,24.1,57.9,29,163.3,60.4,1,NA,NA,0
"277","Malawi",2009,"LDC",55.9,53.7,29.9,100,NA,55.1,58.8,51.5,58,67.2,NA,59,48.9,46.2,57.6,37.2,66.1,23.9,233.3,75.3,1,NA,NA,0
"278","Malawi",2012,"LDC",51.9,42.6,28.8,87.7,0,54.1,59.3,48.9,61.2,75.5,96.7,54.4,46.9,44.1,63.3,23.8,64.9,24.6,307,NA,1,NA,NA,0
"279","Malawi",2015,"LDC",41.1,40.5,27.8,86.7,0,47.6,42.2,53.1,41.6,68.9,90.2,47.7,14.3,53.7,72,64.9,48.4,29.6,410,NA,1,NA,NA,0
"280","Malaysia",2006,"non-LDC",28.2,33.2,21.1,75.8,NA,NA,13.7,16.2,23.2,28.2,NA,9.2,18.2,88.4,100,98.7,86.9,68.2,4026.7,47.2,2,NA,NA,0
"281","Malaysia",2009,"non-LDC",25.5,26.1,20.1,50.9,NA,13.4,10.1,16.7,24.9,31.1,NA,8.2,18.7,89.1,100,98.7,90.5,67.2,5770,54.1,2,NA,NA,0
"282","Malaysia",2012,"non-LDC",22.2,30,19.1,56,33.58,11.4,7.6,15.1,14.4,24.6,39.2,10.1,4.2,88.9,100,99.9,89.9,65.6,7387,NA,2,NA,NA,0
"283","Malaysia",2015,"non-LDC",18.9,24.2,18.7,51.3,14.6,12,8,16.1,13.7,24.7,40.6,8.7,2.7,89.6,100,100,90.8,67.6,9669,NA,2,NA,NA,0
"284","Maldives",2006,"LDC",50.5,69.6,87.9,74.3,NA,NA,43.7,12.8,31.4,54.7,NA,13.5,8.2,81.9,86.4,80.5,95.9,65,2320,95.9,1,NA,NA,0
"285","Maldives",2009,"LDC",58.2,68.7,88.8,52.9,NA,44.5,78.4,10.5,47.6,68.5,NA,40.7,26.8,87.5,92.8,78.6,96.7,82.1,2940,96.2,1,NA,NA,0
"286","Maldives",2012,"non-LDC",55.2,71.8,88.3,57,100,41.8,76.4,7.1,38.6,53.7,70,37.3,23.5,91.7,91.7,97.2,97.9,80.2,5473,NA,2,NA,NA,0
"287","Maldives",2015,"non-LDC",49.9,68.8,87.2,53.7,100,34.5,64,5,31,50.7,60.4,41,11.4,91.3,98,100,97.9,69.2,6645,NA,2,NA,NA,0
"288","Mali",2006,"LDC",42.6,53.8,30.8,80.9,NA,NA,85,60.6,31.5,36,NA,25,26.9,21.5,57.6,8.5,4.8,15.2,300,46.9,1,NA,NA,0
"289","Mali",2009,"LDC",42.3,49.5,31.7,65.3,NA,69.1,76.1,62.1,35.2,43.9,NA,23.8,26.5,32.6,86.4,9.1,7.5,27.5,470,63.9,1,1,127,1
"290","Mali",2012,"LDC",36.8,37.5,28.3,60.9,0,60.8,56.3,65.3,36.1,47.5,67.1,27.9,24.6,30.2,88.3,0,1.6,30.8,563,NA,1,24,359,1
"291","Mali",2015,"LDC",33.3,37.2,28.9,61.2,0,58.9,52.2,65.6,29.3,51,78.4,23.5,7.7,45.5,100,31.7,11.4,38.8,666,NA,1,17,253,1
"292","Marshall Islands",2015,"non-LDC",62.3,83.4,100,80.6,100,53.2,81.5,24.8,41.1,82.2,64.3,100,0,91.6,95,83.3,88,100,4425,NA,2,NA,NA,0
"293","Mauritania",2006,"LDC",40.6,49.8,53.6,51.4,NA,NA,48.1,33.2,31.3,42.3,NA,10.3,20.3,46.4,88,36.4,42.7,18.3,403.3,74.4,1,NA,NA,0
"294","Mauritania",2009,"LDC",47.1,49.2,52.9,32.5,NA,58.2,75.2,41.2,45.1,42.1,NA,7.4,48.1,54.6,91.2,60.2,46.8,20.4,733.3,76.8,1,1,1,1
"295","Mauritania",2012,"LDC",44.2,43.3,51.4,39.3,41.78,40.7,43.9,37.4,45.1,45.4,86.7,4.1,44.8,47.1,95,34,43.3,16,987,NA,1,1,1,1
"296","Mauritania",2015,"LDC",41.2,45.9,49.9,39.7,54.6,39.5,42,37,36.4,46.8,88.7,5,26.1,49.5,97.5,51.5,27.3,21.7,1261,NA,1,NA,NA,0
"297","Mauritius",2006,"non-LDC",49.1,59,67.5,85.8,NA,NA,21.4,8.8,39.3,47.2,NA,37.7,31.4,88.2,94.4,96.6,81.7,79.9,4196.7,56.7,2,NA,NA,0
"298","Mauritius",2009,"non-LDC",46,54.2,67.1,67.9,NA,14.7,21.5,7.8,37.7,47,NA,37.1,28.5,90.8,94.4,96.5,85,87.1,5376.7,56.8,2,NA,NA,0
"299","Mauritius",2012,"non-LDC",29.8,41.7,66.7,75.5,13.45,11.1,17.4,4.9,17.9,31.4,31.2,31.6,4.3,92.2,100,96.8,83.9,88.2,7320,NA,2,NA,NA,0
"300","Mauritius",2015,"non-LDC",25.6,39,67.5,74,4,10.4,16.7,4.1,12.2,23.2,17.8,28.6,1.1,94.6,100,97.4,85.7,95.4,9079,NA,2,NA,NA,0
"301","Mexico",2006,"non-LDC",20.7,18.9,0,70.9,NA,NA,3.6,6.1,22.5,32,NA,6.9,13,89,96,93.6,88.8,77.7,6340,57,2,1,686,1
"302","Mexico",2009,"non-LDC",19,12.1,0,42,NA,6.3,6.3,6.3,25.8,33.3,NA,2.3,18.3,92.8,100,93.6,91.1,86.4,7820,64.3,2,6,2263,1
"303","Mexico",2012,"non-LDC",21,20.5,0,68.7,8.09,5.1,6,4.2,21.6,33.1,60.8,5.3,10.1,92.6,100,93.8,91.3,85.5,9060,NA,2,33,1699,1
"304","Mexico",2015,"non-LDC",18.8,19.5,0,68.6,4.5,5,6.2,3.9,18.2,32.7,63.7,1.7,3.6,93.4,100,97.3,92.3,84.1,9523,NA,2,28,1653,1
"305","Micronesia ",2015,"non-LDC",55.2,81.6,100,76.4,78,72.2,97.7,46.7,28.8,44.2,77,11.4,13.4,79.2,90,84,61.3,81.4,3167,NA,2,NA,NA,0
"306","Mongolia",2006,"non-LDC",46.7,57,55.9,84.4,NA,NA,30.3,33.4,36.5,24.6,NA,35.5,48.3,76.8,59.2,67.2,97.6,83,496.7,13.8,2,NA,NA,0
"307","Mongolia",2009,"non-LDC",52.7,52.4,55.8,58.9,NA,39.1,39.6,38.6,53.1,34.8,NA,55.3,71.3,80.8,57.6,77.6,97,91.2,1033.3,14.3,2,NA,NA,0
"308","Mongolia",2012,"non-LDC",52.5,36.6,55,56,0,35.4,40.1,30.7,68.5,75,94.4,55.6,61.9,82.8,63.3,79.2,96.7,92.1,1800,NA,2,NA,NA,0
"309","Mongolia",2015,"non-LDC",37.5,34.9,54.8,50.7,0,34.1,43.1,25,40.2,74.8,94.1,55.5,5.6,86.5,71,86.8,97.7,90.6,3063,NA,2,NA,NA,0
"310","Morocco",2006,"non-LDC",25.9,19.5,17.8,24.7,NA,NA,7.2,28,32.4,50.9,NA,66.4,13.8,65.2,92.8,84.2,42.1,41.7,1333.3,35.4,2,NA,NA,0
"311","Morocco",2009,"non-LDC",22.1,12.7,17.7,0,NA,15.5,7,24.1,31.5,50,NA,64.7,13,71.1,100,84.5,46.5,53.2,2133.3,35.2,2,NA,NA,0
"312","Morocco",2012,"non-LDC",18.4,12.8,17.4,7.1,11.48,15.2,7.5,22.9,24,45.6,38.1,53.2,2.3,68.9,100,82.9,41.4,51.2,2720,NA,2,NA,NA,0
"313","Morocco",2015,"non-LDC",16.4,11.6,17,10.1,3.9,15.4,7.4,23.3,21.1,39.5,38.3,40.6,2.7,77.3,100,87.6,56.1,65.4,3009,NA,2,NA,NA,0
"314","Mozambique",2006,"LDC",43.6,45.3,24.9,82.4,NA,NA,62.5,35.8,41.8,55.6,NA,31.4,28,25.6,28.8,25.4,37.1,10.9,220,79.8,1,NA,NA,0
"315","Mozambique",2009,"LDC",48.7,42.1,23.4,70.7,NA,50.7,56.6,44.7,55.3,58.6,NA,37.3,52,27.5,43.2,23.5,33,10.4,306.7,79.9,1,NA,NA,0
"316","Mozambique",2012,"LDC",44.4,40.1,22,77.8,16.84,43.6,40.6,46.6,48.7,66.9,90.5,43.4,30.4,30.7,45,20.6,40.1,17.2,420,NA,1,0,2,1
"317","Mozambique",2015,"LDC",38.1,37.3,20.8,77.1,15,36.2,24.5,48,38.8,59.5,87,31.9,18.2,41.7,61.8,53.2,34.1,17.8,546,NA,1,0,3,1
"318","Myanmar",2006,"LDC",42.2,36.8,10.5,62.2,NA,NA,30.4,97.2,47.7,37.1,NA,18.8,58.2,68.4,94.4,55.7,88.1,35.3,167,55.5,1,NA,NA,0
"319","Myanmar",2009,"LDC",37.4,30,10.9,35.4,NA,62.8,42.5,83.1,44.8,33.1,NA,11,56.5,66,73.6,56.7,88,45.9,306.3,55.2,1,NA,NA,0
"320","Myanmar",2012,"LDC",45,34.8,11.2,46,36.83,45.3,27.4,63.2,55.2,34.5,58.5,10.5,75.8,68.8,75,61.7,89.4,49.2,704,NA,1,NA,NA,0
"321","Myanmar",2015,"LDC",33.7,31.4,9.7,40.7,31.4,43.7,34.7,52.6,36,34,56.7,11.3,38.1,72.7,80.5,75.5,90.2,44.7,1063,NA,1,NA,NA,0
"322","Namibia",2006,"non-LDC",37.9,56.6,59.9,83,NA,NA,31.5,15.4,19.2,22.3,NA,44.6,16.2,69.3,68.8,70.5,78.2,59.7,1983.3,0,2,NA,NA,0
"323","Namibia",2009,"non-LDC",39.8,52.2,59.4,69,NA,21,23.5,18.5,27.4,34.7,NA,69.4,20.1,71.1,73.6,68.4,85.7,56.5,3173.3,0,2,NA,NA,0
"324","Namibia",2012,"non-LDC",39.1,38.3,57.9,74.4,3.7,17.3,20.3,14.3,39.9,68.8,86.6,50.9,11,74.3,78.3,74.1,84.7,60.1,4250,NA,2,NA,NA,0
"325","Namibia",2015,"non-LDC",36.2,37.7,58,74,3.1,15.5,18.5,12.5,34.7,68.2,90,46.4,1.3,63,46.3,75.9,68.6,60.9,5505,NA,2,NA,NA,0
"326","Nauru",2015,"non-LDC",67.9,83.4,100,83.1,100,50.6,97.5,3.6,52.5,4.9,0,9.8,100,81.8,81.7,83.9,93.3,68.4,11200,NA,2,NA,NA,0
"327","Nepal",2006,"LDC",37.4,41.5,20.1,82.2,NA,NA,24,63.4,33.4,37.9,NA,13.3,28.8,56,76.8,66,39.6,41.7,243.3,62.5,1,131,566,1
"328","Nepal",2009,"LDC",33.6,31.2,19.2,55.4,NA,31.1,5.5,56.7,36.1,36,NA,4.6,36.2,58.3,80,66,47.6,39.7,320,67.3,1,0,9,1
"329","Nepal",2012,"LDC",27.8,26.6,18.3,58.3,0,29.9,5.2,54.6,28.9,35.2,65.8,4.7,22.6,59.8,80,76.6,45.5,37.2,420,NA,1,NA,NA,0
"330","Nepal",2015,"LDC",26.8,26.1,19.7,52.9,0,31.8,4.7,58.9,27.5,37.3,64.7,9.9,17.7,68.7,86.7,82,43.2,62.9,659,NA,1,NA,NA,0
"331","Nicaragua",2006,"non-LDC",43.9,46.3,44.6,74,NA,NA,14.1,29.7,41.5,49.3,NA,39.5,33.7,69.8,60.8,86.9,72.7,58.6,756.7,59.1,2,NA,NA,0
"332","Nicaragua",2009,"non-LDC",43.2,42.4,44.1,55.4,NA,26,22.1,29.8,44.1,35.1,NA,11,53,74.9,68.8,90.4,76.7,63.7,933.3,59.3,2,NA,NA,0
"333","Nicaragua",2012,"non-LDC",32,33.7,43.6,67,2.98,21.1,11.2,31.1,30.2,48.6,81.8,15.4,11.9,76,76.7,90.5,70.7,66,1073,NA,2,NA,NA,0
"334","Nicaragua",2015,"non-LDC",28.4,33.4,43.1,66.8,2.4,21.4,13.8,29.1,23.5,46.9,79.8,14.1,0,77.1,80.3,91.8,70.7,65.5,1689,NA,2,NA,NA,0
"335","Niger",2006,"LDC",50,49.2,30.3,77.7,NA,NA,52.7,64.1,50.8,64.4,NA,62,37.3,12.7,49.6,0,0,1.4,203.3,66.7,1,NA,NA,0
"336","Niger",2009,"LDC",45.8,44.7,29.5,60.5,NA,59.5,43.8,75.2,46.9,60.1,NA,48.8,33.8,22.8,57.6,11.8,16.1,5.8,266.7,71.4,1,NA,NA,0
"337","Niger",2012,"LDC",38.6,33.1,28.1,55.7,0,48.6,23.9,73.4,44.2,63.6,92.4,34.8,24.7,24.3,81.7,6.8,4.9,3.7,347,NA,1,0,1,1
"338","Niger",2015,"LDC",37.6,33.4,26.5,55.7,0,51.3,35.3,67.4,41.9,65.8,94.6,37,17.9,34.7,89.5,42.9,0,6.6,389,NA,1,204,533,1
"339","Nigeria",2006,"non-LDC",44.8,32.8,0,59.8,NA,NA,100,42.9,56.7,33.7,NA,12.1,79.7,50,89.6,17.2,61.1,32.1,346.7,55.4,2,19,225,1
"340","Nigeria",2009,"non-LDC",42.4,28.6,0,42.5,NA,72,89,55,56.2,30.2,NA,0,82.3,50.6,89.6,18.2,66.4,28.4,780,60.3,2,19,531,1
"341","Nigeria",2012,"non-LDC",38.6,31,0,46,8.68,69.5,83,55.9,46.1,28.1,39.9,16.3,64.1,48.9,98.3,11.5,47.8,37.8,1180,NA,2,893,2012,1
"342","Nigeria",2015,"non-LDC",37.3,27.6,0,45.6,7.6,57.3,79.4,35.2,46.9,36.7,54.5,18.9,57.1,51.2,97.7,34.9,34.8,37.6,2276,NA,2,3780,8987,1
"343","North Korea",2006,"non-LDC",40.2,35.6,22.9,62.7,NA,NA,17.8,49.9,44.8,59.8,NA,35.9,29.8,70.3,46.4,78.6,94.3,61.8,508,83.6,2,NA,NA,0
"344","North Korea",2009,"non-LDC",50.2,25.3,22,36.3,NA,20.8,0,41.7,75.1,66.9,NA,47.9,83.2,71.2,52.8,76.1,94.2,61.8,580.7,86,2,NA,NA,0
"345","North Korea",2012,"non-LDC",47.7,25.4,21.7,43.2,14.59,22,9.8,34.3,70.1,60.9,82.8,39,79.2,83.1,50,85,100,97.4,517,NA,2,NA,NA,0
"346","North Korea",2015,"non-LDC",32.5,27,21.4,37.9,14.7,34.2,31.2,37.2,37.9,55,86.3,23.7,20.9,83.2,45.8,89.5,100,97.4,614,NA,2,NA,NA,0
"347","Oman",2006,"non-LDC",41.8,54.2,56.3,64.1,NA,NA,76.9,3.3,29.3,14.6,NA,29.1,44.1,86.2,99.4,96.6,70.1,78.8,8294.7,0,2,NA,NA,0
"348","Oman",2009,"non-LDC",38.4,46.7,55.8,36,NA,39.2,76.3,2.2,30,16,NA,31.9,44.1,91.8,100,96.8,81.3,89.2,11120,0,2,NA,NA,0
"349","Oman",2012,"non-LDC",35.2,37,54.7,41.6,26.09,25.7,51.1,0.4,33.4,32.1,27.2,37.1,34.7,95.3,100,99.1,82.2,100,18505,NA,2,NA,NA,0
"350","Oman",2015,"non-LDC",26.2,33.1,51,38.3,16.1,26.9,53.5,0.3,19.3,31,27.3,34.7,7.5,93.6,100,99.2,82.6,92.8,19899,NA,2,NA,NA,0
"351","Pakistan",2006,"non-LDC",25.7,20.2,0,55.3,NA,NA,15.4,35.9,31.2,48,NA,9.3,14.4,46.2,72,54.8,39.7,18.3,536.7,86.7,2,29,427,1
"352","Pakistan",2009,"non-LDC",22.3,12.1,0,24.1,NA,24.4,15.3,33.6,32.4,47.7,NA,7.7,17.1,49.6,67.2,57.2,45.7,28.5,800,87.7,2,444,7460,1
"353","Pakistan",2012,"non-LDC",22,16.2,0,37.5,4.2,23,12.1,33.9,27.8,41.9,78.8,4.9,13.7,45.9,66.7,49.2,40.7,26.9,993,NA,2,415,3540,1
"354","Pakistan",2015,"non-LDC",23.2,15.4,0,33,3,25.6,10.1,41.1,30.9,48.9,77.3,20.4,13,49.4,72.2,54.2,39.7,31.5,1222,NA,2,295,2401,1
"355","Palau",2015,"non-LDC",69.6,78.7,100,62.5,100,52.1,96,8.3,60.6,21.3,0,42.6,100,95.6,100,95.5,99.4,87.5,9287,NA,2,NA,NA,0
"356","Panama",2006,"non-LDC",38.7,50.5,52.8,73.8,NA,NA,33.6,12,26.8,32.4,NA,4.9,21.2,78.7,62.4,92.7,90.7,69.2,4176.7,59.9,2,NA,NA,0
"357","Panama",2009,"non-LDC",35.2,45,52,55.4,NA,20.7,30.5,10.8,25.3,30.4,NA,0,20.2,82.5,76.8,92.7,92.3,68.4,5033.3,60.8,2,NA,NA,0
"358","Panama",2012,"non-LDC",27.1,34.2,51.2,66,10.52,8.8,9.9,7.8,20,29.9,53.6,6.1,10.2,84.4,83.3,91.6,91.5,71.2,6597,NA,2,NA,NA,0
"359","Panama",2015,"non-LDC",26.4,32.4,50,65.8,8.6,5.2,5.9,4.6,20.4,27,49.9,4.1,13.9,90.1,90.7,95.2,92.1,82.3,8638,NA,2,NA,NA,0
"360","Papua New Guinea",2006,"non-LDC",44.2,50.5,43.6,76,NA,NA,32.2,45.8,37.8,40.7,NA,0.5,34.8,54.1,83.2,61.6,49.9,21.5,526.7,81,2,NA,NA,0
"361","Papua New Guinea",2009,"non-LDC",44.6,52.7,42.1,80.1,NA,46.5,34.4,58.7,36.4,41.7,NA,1.2,31.2,54.3,81.6,65,49.2,21.5,753.3,82.1,2,NA,NA,0
"362","Papua New Guinea",2012,"non-LDC",38.3,42.4,40.9,82.1,3.91,42.5,30.1,54.9,34.2,37.9,72.4,3.5,30.5,53.9,85,66.1,46.8,17.8,1197,NA,2,0,57,1
"363","Papua New Guinea",2015,"non-LDC",32.1,39.3,40.2,79.7,1.4,35.9,24.4,47.4,24.9,36.7,71.6,1.7,13.1,59.5,85,68.8,50.5,33.5,1704,NA,2,NA,NA,0
"364","Paraguay",2006,"non-LDC",51.4,56.8,42.9,100,NA,NA,37.4,45.4,46,40.3,NA,27.5,51.8,79.9,81.6,84.7,90.3,62.9,1150,53,2,NA,NA,0
"365","Paraguay",2009,"non-LDC",49.6,54.6,42.7,100,NA,32.9,25.8,40,44.6,31.4,NA,9.7,57.9,82.4,86.4,85.9,92.7,64.5,1436.7,53.1,2,NA,NA,0
"366","Paraguay",2012,"non-LDC",43.5,44.3,41.9,100,0,35.1,31.7,38.6,42.7,46,67.6,24.3,39.4,82.6,91.7,82.8,92.7,63.3,2363,NA,2,NA,NA,0
"367","Paraguay",2015,"non-LDC",43.8,43.1,41.3,100,0,31.1,29.3,33,44.5,56.9,79.1,34.8,32.1,85.2,90,92.8,91.8,66.2,3483,NA,2,NA,NA,0
"368","Peru",2006,"non-LDC",33.6,34.7,19.6,84.2,NA,NA,19,11.5,32.6,48.9,NA,23.6,16.2,85,83.2,81.7,85.7,89.4,2173.3,74.3,2,5,11,1
"369","Peru",2009,"non-LDC",32.3,30.2,19.5,67,NA,15.1,18.4,11.8,34.3,48.2,NA,18.6,20.4,87.4,80,86.7,88.7,94.2,3040,77.9,2,6,54,1
"370","Peru",2012,"non-LDC",28.6,29.1,18.8,79.5,2.55,15.3,20.1,10.6,28.1,46.5,77.8,15.2,9.6,86.2,81.7,86.2,86.1,90.7,4300,NA,2,NA,NA,0
"371","Peru",2015,"non-LDC",24.7,28.7,18.3,79.4,2.6,14.6,18.2,11.1,20.6,41.3,77.2,5.3,0,92.6,93.8,95.9,91.8,88.6,5626,NA,2,0,9,1
"372","Philippines",2006,"non-LDC",30.9,26.6,2.9,69.4,NA,NA,37.2,25.5,35.1,51.1,NA,13.1,19.1,83.3,68.8,89.7,91.5,83,1083.3,89,2,23,434,1
"373","Philippines",2009,"non-LDC",26.4,20.2,1.7,51.3,NA,26.3,29.2,23.5,32.5,45.1,NA,9.3,19.9,85.6,78.4,89.8,92.3,82.1,1426.7,80.9,2,100,1047,1
"374","Philippines",2012,"non-LDC",29,25.6,0.8,53.7,25.29,22.5,24.9,20.1,32.3,49.7,91.3,8.1,15,87.9,86.7,87.7,93.9,83.1,1900,NA,2,30,311,1
"375","Philippines",2015,"non-LDC",25,20.5,0.2,48.9,16.1,16.9,15.2,18.5,29.5,50.9,95.4,6.4,8.1,88.5,89.2,87.9,93.9,82.9,2947,NA,2,54,628,1
"376","Qatar",2006,"non-LDC",50.1,58.3,74,58.5,NA,NA,52.9,0.3,42,40.1,NA,80.2,43.9,94.8,100,98.3,87.2,93.6,33456,0,2,NA,NA,0
"377","Qatar",2009,"non-LDC",42.6,50.8,73.2,29,NA,28,55.7,0.2,34.3,24.8,NA,49.6,43.7,96.9,100,99.2,88.4,100,63535,0,2,NA,NA,0
"378","Qatar",2012,"non-LDC",37.3,42,61.2,35,47.29,24.6,49.2,0,32.5,30.8,0,61.5,34.2,96.3,100,99.3,93,93,70783,NA,2,NA,NA,0
"379","Qatar",2015,"non-LDC",28.3,37.9,58.9,31.8,36.7,24.2,48.5,0,18.7,20.1,0,40.2,17.2,98.9,100,100,95.6,100,78936,NA,2,NA,NA,0
"380","Republic of Korea",2006,"non-LDC",27.6,23.6,11.3,66.2,NA,NA,5.7,5.5,31.6,42.5,NA,16.7,20.7,96.8,100,100,97.8,89.4,12433.3,68.2,2,NA,NA,0
"381","Republic of Korea",2009,"non-LDC",21.8,18,11.2,43.3,NA,6.2,6.6,5.8,25.7,37.5,NA,16,13.8,98.8,100,100,97.8,97.4,17766.7,59,2,NA,NA,0
"382","Republic of Korea",2012,"non-LDC",15.3,17.2,11.2,44.2,8.8,4.7,6.6,2.8,13.3,22.6,37.9,7.3,4.1,98.2,100,100,96,96.7,20433,NA,2,NA,NA,0
"383","Republic of Korea",2015,"non-LDC",13.2,15.6,10.9,38.9,8.7,4.1,5.8,2.4,10.8,21.7,37.8,5.6,0,98.5,100,100,97.2,96.9,24866,NA,2,NA,NA,0
"384","Rwanda",2006,"LDC",59.3,54.9,37,93.7,NA,NA,34.8,68.8,63.8,55,NA,65.3,72.6,33.8,44.8,21.8,57.7,10.9,220,44.8,1,NA,NA,0
"385","Rwanda",2009,"LDC",55,51.4,35.4,77.7,NA,57.2,45.3,69.1,58.7,62,NA,80.8,55.3,33,40,21.2,57.8,13.1,283.3,43.2,1,2,2,1
"386","Rwanda",2012,"LDC",47.3,38.7,34,75.4,0,45.5,33.4,57.6,55.8,70.2,72.7,67.7,41.4,42.2,55,28.3,60.9,24.6,477,NA,1,2,13,1
"387","Rwanda",2015,"LDC",40.7,38.5,32.9,74.1,0,47,36.8,57.3,43,49.8,72.4,27.2,36.2,51.5,52,74.5,54.5,25.1,592,NA,1,NA,NA,0
"388","Saint Kitts and Nevis",2006,"non-LDC",57.2,71.8,100,57.2,NA,NA,55.9,4,42.6,52.8,NA,52.4,32.3,94.4,84.8,95.2,97.6,100,6943.3,53.1,2,NA,NA,0
"389","Saint Kitts and Nevis",2009,"non-LDC",56.5,67.6,100,44.6,NA,25.8,47,4.6,45.4,68.7,NA,84.3,22,91.6,80,95.7,97.6,93.3,8980,53.2,2,NA,NA,0
"390","Saint Kitts and Nevis",2012,"non-LDC",48.5,49.8,100,52.8,24.41,22.1,41.7,2.5,47.3,84.1,74.6,93.5,10.4,94,81.7,100,97.1,97.2,12480,NA,2,NA,NA,0
"391","Saint Kitts and Nevis",2015,"non-LDC",52.7,52.2,100,52.2,43.4,13.3,25.6,1,53.2,87.4,74.8,100,19,95.5,85,99.9,97.1,100,13620,NA,2,NA,NA,0
"392","Saint Lucia",2006,"non-LDC",56.5,70.2,98.9,67.8,NA,NA,23.1,7.5,42.7,55.9,NA,59.3,29.6,91.6,96,95.8,88.5,86.2,4060,52.4,2,NA,NA,0
"393","Saint Lucia",2009,"non-LDC",50.8,65.1,98.4,47.4,NA,16.1,26.4,5.9,36.5,48.1,NA,43.7,24.9,93.6,91.2,96,94,93.1,5283.3,52.5,2,NA,NA,0
"394","Saint Lucia",2012,"non-LDC",37.3,43.1,97.5,54.9,6.12,13.6,22.4,4.9,31.6,52,42.3,61.7,11.1,94.9,95,95.8,93.1,95.7,6387,NA,2,NA,NA,0
"395","Saint Lucia",2015,"non-LDC",43.1,42.8,97,54.3,4.6,15.2,27.2,3.2,43.4,76.1,92.7,59.5,10.7,88.8,84,97.3,86.8,87.1,6398,NA,2,NA,NA,0
"396","Saint Vincent and the Grenadines",2006,"non-LDC",51.7,72.3,100,68.3,NA,NA,29.7,12.3,31.1,34.1,NA,68.1,28.1,81.9,83.2,91.1,86.2,67.1,3303.3,0,2,NA,NA,0
"397","Saint Vincent and the Grenadines",2009,"non-LDC",46.8,67.1,100,48.2,NA,20.2,27.9,12.5,26.5,31.6,NA,63.2,21.5,86,94.4,90.4,85.9,73.4,3860,0,2,NA,NA,0
"398","Saint Vincent and the Grenadines",2012,"non-LDC",38.6,45.6,100,55.7,13.02,13.8,17.5,10,31.5,45.6,32.8,58.5,17.4,93.3,100,89,84.1,100,6310,NA,2,NA,NA,0
"399","Saint Vincent and the Grenadines",2015,"non-LDC",37.3,49.4,100,55.1,25.3,17,23.6,10.5,25.2,48.8,71.7,25.8,1.7,94.4,98.8,94.5,84.1,100,6282,NA,2,NA,NA,0
"400","Samoa",2006,"LDC",64.7,80.8,96.8,89.3,NA,NA,59.1,21.8,48.5,65.1,NA,32.5,31.8,90.4,97.6,90.8,98.7,74.5,1596.7,97.6,1,NA,NA,0
"401","Samoa",2009,"LDC",64.3,80.8,96.5,83.5,NA,46.6,72.4,20.8,47.8,60.8,NA,23.9,34.8,92.2,100,90.8,98.7,79.4,2240,97.8,1,NA,NA,0
"402","Samoa",2012,"LDC",51.1,66.6,96.9,90.2,33.67,45.7,74.6,16.8,35.5,53.8,83.6,24,17.2,92.8,100,89.8,98.4,83,2880,NA,1,NA,NA,0
"403","Samoa",2015,"non-LDC",44,63.9,96.3,89.3,50.8,19.1,23.5,14.7,24.1,38.1,60.4,15.8,10.1,94.4,100,95.1,98.5,84.1,3319,NA,2,NA,NA,0
"404","Sao Tome and Principe",2006,"LDC",58.1,81.6,99.3,65.1,NA,NA,97.3,28.3,34.7,14.9,NA,29.9,54.4,63.6,83.2,55.7,80.3,35.3,333.3,0,1,NA,NA,0
"405","Sao Tome and Principe",2009,"LDC",55,76.2,99,45,NA,61.9,90.5,33.3,33.7,22.2,NA,20.8,45.3,72.1,96,59.9,85.6,46.7,810,23.6,1,NA,NA,0
"406","Sao Tome and Principe",2012,"LDC",46.1,56,98.2,52.9,37.2,35.6,43.1,28.1,36.2,13.8,0,27.6,58.6,74.9,100,59.8,85,54.7,1113,NA,1,NA,NA,0
"407","Sao Tome and Principe",2015,"LDC",39.2,63,96.1,52.4,62.4,41.2,48.7,33.6,15.5,9.2,0,18.5,21.7,77.4,97,75.2,59.4,78.2,1431,NA,1,NA,NA,0
"408","Saudi Arabia",2006,"non-LDC",39.6,35.2,21.6,49.4,NA,NA,88.4,7.6,44.1,32.2,NA,64.4,55.9,83.2,99.2,92.8,75.9,65,9346.7,0,2,2,11,1
"409","Saudi Arabia",2009,"non-LDC",30.1,27.2,21.1,25.1,NA,41.6,77.5,5.6,32.9,20.6,NA,41.3,45.2,85,100,92.9,82.1,65,13960,0,2,NA,NA,0
"410","Saudi Arabia",2012,"non-LDC",25.5,27.5,19.5,32.1,19.23,39.3,75.9,2.7,23.5,6.9,0,13.8,40.1,93.6,100,93.1,81.5,100,16490,NA,2,NA,NA,0
"411","Saudi Arabia",2015,"non-LDC",15.1,25.7,19.1,29,14.9,39.9,78.4,1.4,4.5,5.5,0.2,10.8,3.5,97.3,100,96.7,92.6,100,24020,NA,2,47,110,1
"412","Senegal",2006,"LDC",41.8,36.9,33.1,57.6,NA,NA,22.3,25.2,46.7,71.6,NA,81.3,21.8,38.8,65.6,46.7,28.6,14.1,556.7,62,1,2,129,1
"413","Senegal",2009,"LDC",37.6,31,31.8,38.8,NA,21.9,17.3,26.4,44.1,68.1,NA,74.3,20.1,40.7,62.4,50.6,30.8,19.2,773.3,61.9,1,9,19,1
"414","Senegal",2012,"LDC",36.1,36,31.7,44.2,44.97,23.2,21,25.3,36.3,66.3,64.1,68.5,6.3,47,76.7,48.1,32.9,30.5,1063,NA,1,4,23,1
"415","Senegal",2015,"LDC",33,30.6,30.1,44.3,28.7,19.2,13.9,24.6,35.4,70.8,70,71.6,0,55.9,80.5,72.5,36.1,34.4,1006,NA,1,NA,NA,0
"416","Seychelles",2006,"non-LDC",56.5,75,100,74.7,NA,NA,45.7,4.8,38,56.1,NA,59.6,19.9,94.6,89.6,98.3,90.6,100,7453.3,52.6,2,NA,NA,0
"417","Seychelles",2009,"non-LDC",52.9,70.3,100,48,NA,33.2,62.2,4.2,35.5,47.3,NA,42.2,23.7,94.7,89.6,98.7,90.4,100,8813.3,52.4,2,NA,NA,0
"418","Seychelles",2012,"non-LDC",44.5,52.8,100,64.5,24.89,22,41.1,2.9,36.2,48.8,66.7,31,23.6,95.4,95,97.6,89.1,100,9953,NA,2,NA,NA,0
"419","Seychelles",2015,"non-LDC",45.4,56.9,100,62.4,39.8,25.3,47.6,3,33.8,50.4,68.8,32,17.2,89.5,94,97.5,89.1,77.2,11137,NA,2,NA,NA,0
"420","Sierra Leone",2006,"LDC",63.7,58.8,44.5,61.7,NA,NA,89.1,79.8,68.7,37.4,NA,21.4,100,15.7,24,0,17.2,21.5,190,53.3,1,NA,NA,0
"421","Sierra Leone",2009,"LDC",50.7,50.1,43.3,45.3,NA,68.4,51.8,85,51.2,43.4,NA,27.5,59,20.4,28.8,0,25.4,27.5,236.7,59.4,1,NA,NA,0
"422","Sierra Leone",2012,"LDC",48.5,41.1,43.3,49.3,13.83,58,18.6,97.4,55.9,53.4,52.8,54,58.5,24.8,50,0.6,21.2,27.3,333,NA,1,NA,NA,0
"423","Sierra Leone",2015,"LDC",48.9,40.3,43,49.5,10.8,57.7,28.3,87,57.6,52.3,52.8,51.8,62.9,34.8,65.8,8.7,26,38.5,567,NA,1,NA,NA,0
"424","Singapore",2006,"non-LDC",39.2,45.9,48.3,78,NA,NA,17.9,0.1,32.4,48.4,NA,96.9,16.5,89,100,100,91.5,64.5,22120,0,2,NA,NA,0
"425","Singapore",2009,"non-LDC",36.5,39.9,47.7,54.2,NA,10.1,20.1,0.1,33.2,50,NA,100,16.3,88.6,100,100,93.5,60.8,29473.3,0,2,NA,NA,0
"426","Singapore",2012,"non-LDC",30.6,33.4,45.5,57.7,21.41,8.9,17.7,0,27.9,50,0,100,5.7,98,100,100,92.9,98.9,36677,NA,2,NA,NA,0
"427","Singapore",2015,"non-LDC",30.7,34.2,44.9,53.1,29.5,9.3,18.5,0,27.2,50,0,100,4.4,98.8,100,100,95.2,100,50612,NA,2,NA,NA,0
"428","Solomon Islands",2006,"LDC",56.9,76.1,82.2,82.9,NA,NA,39.6,74.9,37.6,50.1,NA,44.2,25.2,70.6,72,79.3,72.6,58.6,556.7,56,1,NA,NA,0
"429","Solomon Islands",2009,"LDC",58,78.5,81.3,75.2,NA,76.4,78.6,74.2,37.4,37.8,NA,19.6,37.1,64.1,89.6,69.1,72,25.8,683.3,55.9,1,NA,NA,0
"430","Solomon Islands",2012,"LDC",55.2,63.1,80,86.6,27.81,58,68.8,47.2,47.4,48.4,75.8,21,46.3,65.1,90,73.1,68.8,28.4,1013,NA,1,NA,NA,0
"431","Solomon Islands",2015,"LDC",50.8,63.2,79.7,85,36.8,51.4,56.6,46.2,38.4,38.1,59.2,17,38.6,71.7,87.5,87.8,68.8,42.7,1402,NA,1,NA,NA,0
"432","Somalia",2006,"LDC",68.4,61.2,38.4,70.5,NA,NA,94.9,100,75.6,64.9,NA,41.2,86.3,5.4,6.4,12.6,2.5,0,193,88.6,1,114,1174,1
"433","Somalia",2009,"LDC",62.6,47.1,37.1,44.6,NA,69.7,39.4,100,78.1,56.3,NA,24,100,9.4,25.6,11.8,0,0,281.7,88.6,1,616,2204,1
"434","Somalia",2012,"LDC",50.1,42,36.1,56.8,7.11,68.1,36.3,100,58.2,57.1,93,21.2,59.2,1.4,5,0.5,0,0,201,NA,1,293,2989,1
"435","Somalia",2015,"LDC",36.3,46.4,34.7,54.8,7.1,89.2,78.3,100,26.1,52.1,97.1,7.2,0,7.8,5,17.8,8.5,0,119,NA,1,168,1221,1
"436","South Africa",2006,"non-LDC",27.9,28.3,11.5,86,NA,NA,3.1,5,27.6,36.7,NA,29.7,18.6,85,100,72.3,79.5,88.3,3036.7,43.7,2,NA,NA,0
"437","South Africa",2009,"non-LDC",23.7,24.3,11,69.1,NA,6,6.6,5.3,23.2,34.3,NA,24.3,12,88.2,100,71.3,85.7,95.6,5320,44.4,2,NA,NA,0
"438","South Africa",2012,"non-LDC",26,24.9,10.5,82.9,1.5,4.6,6.1,3.1,27,49.4,76.4,22.4,4.7,84,100,58.1,85,93.1,5893,NA,2,NA,NA,0
"439","South Africa",2015,"non-LDC",24.1,24.7,9.8,82.6,0.5,5.8,9.2,2.4,23.5,46.4,76.5,16.3,0.5,92.8,100,79.5,91.6,100,7358,NA,2,NA,NA,0
"440","South Sudan",2015,"LDC",56,36.1,33.5,66.6,0,44.4,83.3,5.4,75.8,51.6,89.1,14.1,100,29.1,67.8,45.9,2.7,0,573,NA,1,449,1136,1
"441","Sri Lanka",2006,"non-LDC",35.3,35.4,24.2,74.3,NA,NA,14.5,23.1,35.2,56.3,NA,18.3,14.1,84.6,68.8,95.7,88.9,85.2,930,94.3,2,363,2173,1
"442","Sri Lanka",2009,"non-LDC",32.4,30.4,25.2,52.9,NA,18.3,14.5,22.1,34.4,53.7,NA,12.6,15.2,86.3,70.4,98.2,90,86.4,1363.3,94.8,2,6830,10418,1
"443","Sri Lanka",2012,"non-LDC",26.2,28.3,24,54.1,16.84,18.2,13.5,22.8,24.1,48.1,81.6,14.6,0.1,86.3,75,97.3,87.4,85.6,1980,NA,2,NA,NA,0
"444","Sri Lanka",2015,"non-LDC",25,24.3,23.8,50.2,8.5,14.7,12,17.5,25.7,50.7,84.7,16.8,0.6,88.7,67.3,100,88.2,99.3,2811,NA,2,NA,NA,0
"445","Sudan",2006,"LDC",49.9,38.5,15.6,55.8,NA,NA,57.6,76.1,61.2,51,NA,37.4,71.5,49,60.8,52.4,51.9,31.1,463.3,64.6,1,764,2187,1
"446","Sudan",2009,"LDC",52.9,32.7,14.3,29.4,NA,72.8,90.8,54.8,73,46.1,NA,21.2,100,51.4,70.4,52.9,53,29.3,786.7,70.9,1,412,2689,1
"447","Sudan",2012,"LDC",44.4,29.9,12.4,36.4,0.79,70.2,86,54.4,58.9,50.4,83.6,17.3,67.5,52.6,71.7,46.4,60.3,32.2,1213,NA,1,252,1525,1
"448","Sudan",2015,"LDC",49.9,28.7,14.9,34.3,0.9,64.9,59.3,70.4,71.1,42.3,70.4,14.1,100,56.6,67.8,59.6,64.6,34.2,1511,NA,1,590,2552,1
"449","Suriname",2006,"non-LDC",49.7,69.1,83.1,71.4,NA,NA,60.3,17.3,30.4,14.6,NA,29.1,46.2,84,86.4,90.9,86.1,72.4,2086.7,0,2,NA,NA,0
"450","Suriname",2009,"non-LDC",59.9,61.4,82.7,47.8,NA,32.1,53.5,10.7,58.4,16.9,NA,33.8,100,86.8,92.8,87.3,88.6,78.4,4206.7,0,2,NA,NA,0
"451","Suriname",2012,"non-LDC",70.3,66.9,80.6,60.1,100,26.9,45.7,8.1,73.7,47.5,54.3,40.6,100,84,83.3,88,92.8,72,5615,NA,2,NA,NA,0
"452","Suriname",2015,"non-LDC",52.6,68,80.3,59.5,100,32.1,50.5,13.8,37.2,46,54.3,37.7,28.4,88.2,94.3,92.2,92.9,73.3,8609,NA,2,NA,NA,0
"453","Swaziland",2006,"non-LDC",44.7,67.1,70.3,100,NA,NA,41.4,13.7,22.3,7.6,NA,15.3,37,58.3,73.6,42.1,75.7,41.7,1390,0,2,NA,NA,0
"454","Swaziland",2009,"non-LDC",48.5,66.3,68.7,100,NA,27.7,37.1,18.4,30.7,22.5,NA,15.7,38.8,59.9,75.2,45.5,75.5,43.5,2403.3,29.3,2,NA,NA,0
"455","Swaziland",2012,"non-LDC",44.3,44.4,68,96.7,0,13,14.6,11.4,44.2,56.2,96.5,15.9,32.2,62.5,76.7,37.3,82.6,53.5,2537,NA,2,NA,NA,0
"456","Swaziland",2015,"non-LDC",39.1,44.1,67.4,96.1,0,12.9,15.1,10.7,34.1,53.1,96.5,9.6,15.1,64,64.8,57.6,77.5,56.3,3237,NA,2,NA,NA,0
"457","Syrian Arab Republic",2006,"non-LDC",34.1,35.7,25.5,39.5,NA,NA,62.8,42.2,32.5,22.9,NA,45.8,42.2,79.4,97.6,95.2,80.1,44.9,1130,0,2,NA,NA,0
"458","Syrian Arab Republic",2009,"non-LDC",25.8,21.4,24.4,5,NA,31.7,28.3,35.1,30.1,12.2,NA,24.5,48,86.3,100,95,79.8,70.4,1583.3,0,2,NA,NA,0
"459","Syrian Arab Republic",2012,"non-LDC",25.7,15.9,24.2,12.1,0.88,26.5,20,33,35.6,49.7,58.8,40.6,21.5,86,100,95.7,78.9,69.3,2517,NA,2,NA,NA,0
"460","Syrian Arab Republic",2015,"non-LDC",29.7,13.7,23.4,9.6,0.4,21.3,9.4,33.2,45.8,50.9,58.4,43.5,40.7,79.4,98.3,97.2,80.1,41.9,2012,NA,2,NA,NA,0
"461","Tajikistan",2015,"non-LDC",36.8,33.1,38.4,49.5,0,44.6,47.1,42,40.4,57.7,90.7,24.6,23.2,79.2,54.5,77.2,99.6,85.6,1091,NA,2,NA,NA,0
"462","Tanzania",2006,"LDC",34.1,38.3,14.7,74.9,NA,NA,29.1,68.9,29.9,31.9,NA,13.3,27.9,32.8,33.6,33.2,64.2,0.3,313.3,50.5,1,NA,NA,0
"463","Tanzania",2009,"LDC",31,33.5,13.5,54.9,NA,52.2,29.7,74.6,28.5,33.5,NA,13.8,23.6,40.6,48,47.1,66.8,0.4,373.3,53.2,1,NA,NA,0
"464","Tanzania",2012,"LDC",28.7,26.9,11.9,63.5,3.22,29.1,10.7,47.4,30.5,51.1,74.6,27.6,9.9,40.1,51.7,44.8,63.9,0,497,NA,1,NA,NA,0
"465","Tanzania",2015,"LDC",28.8,27,10.9,62.1,2,32.9,12.2,53.5,30.6,48.5,73.9,23,12.7,52,50.7,74.7,57.1,25.5,779,NA,1,NA,NA,0
"466","Thailand",2006,"non-LDC",23.6,21.8,6.8,65.2,NA,NA,0,16.6,25.3,32.6,NA,7.8,18,84.3,72,93.6,91.6,79.9,2243.3,57.4,2,345,541,1
"467","Thailand",2009,"non-LDC",20.6,16.6,6.8,43.2,NA,9.5,0,19,24.6,32.5,NA,5.7,16.7,87.4,76.8,96.9,93.2,82.5,3030,59.2,2,126,258,1
"468","Thailand",2012,"non-LDC",24.8,25.1,5.6,48.1,37.6,9.2,0,18.3,24.4,48.8,91.1,6.4,0,86.3,81.7,97.6,91.3,74.7,3837,NA,2,133,244,1
"469","Thailand",2015,"non-LDC",24,21.7,6.2,42.8,29.5,8.3,0,16.6,26.3,50,92.8,7.2,2.5,94,97,98.1,95.2,85.5,5414,NA,2,33,80,1
"470","Timor-Leste",2006,"LDC",65.2,64.8,71.7,81.2,NA,NA,18.7,50.8,65.7,31.3,NA,18.3,100,55.3,92.8,46,51.4,31.1,466.7,44.3,1,NA,NA,0
"471","Timor-Leste",2009,"LDC",56.7,56.8,68.1,58.7,NA,32.4,18.8,46,56.6,33.7,NA,18.4,79.4,54,68.8,56.5,39.9,50.6,1070,49,1,NA,NA,0
"472","Timor-Leste",2012,"LDC",53.3,50.6,68.6,72.4,4.99,56.5,63.3,49.6,56.1,27.1,34.1,20.1,85.1,48.1,56.7,50.4,34.1,51.4,2233,NA,1,NA,NA,0
"473","Timor-Leste",2015,"LDC",55,45.4,68.9,69,2.7,41.1,77.5,4.8,64.5,29.1,34.2,23.9,100,57.4,60.3,73,44.4,51.8,3767,NA,1,NA,NA,0
"474","Togo",2006,"LDC",45.8,48.5,42.9,61.5,NA,NA,25.6,68,43.1,47.1,NA,21.4,39,46,62.4,44.7,44.8,32.1,323.3,72.8,1,NA,NA,0
"475","Togo",2009,"LDC",42.8,42.8,41.4,42.9,NA,45.6,22.3,68.9,42.7,49.5,NA,24.7,36,42.6,44.8,45.1,43.6,36.7,350,74.2,1,NA,NA,0
"476","Togo",2012,"LDC",35.4,37.9,42.9,46.9,17.01,44.8,12.3,77.2,32.8,43.6,63,24.1,22.1,45.5,58.3,35.7,42.5,45.4,460,NA,1,NA,NA,0
"477","Togo",2015,"LDC",33.6,35.7,41.3,46.5,10.3,44.8,12.7,76.8,31.4,41.5,62.5,20.4,21.3,58.7,82.8,54.7,47.2,49.9,491,NA,1,NA,NA,0
"478","Tonga",2006,"non-LDC",76.1,84.7,100,89.3,NA,NA,58.2,40.5,67.6,59.9,NA,38.3,75.4,97.9,99.2,93.5,98.9,100,1590,81.5,2,NA,NA,0
"479","Tonga",2009,"non-LDC",69,81.7,100,83.5,NA,43.1,41.6,44.6,56.4,57.5,NA,33.2,55.4,96.6,100,93.7,99.3,93.3,2233.3,81.8,2,NA,NA,0
"480","Tonga",2012,"non-LDC",59.6,75.3,100,93.8,61.36,45.9,60.8,31,44,54.5,72.1,36.8,33.5,97.2,100,90.1,98.7,100,3283,NA,2,NA,NA,0
"481","Tonga",2015,"non-LDC",55.5,74.5,100,93.4,78.1,26.6,22.4,30.8,36.5,48.7,72.1,25.2,24.2,97,100,98.7,99.2,89.9,4153,NA,2,NA,NA,0
"482","Trinidad and Tobago",2006,"non-LDC",42.4,54.3,66.7,69.8,NA,NA,26.4,1.3,30.5,29,NA,33.1,31.9,90.1,84.8,96.2,98.5,80.9,7606.7,25,2,NA,NA,0
"483","Trinidad and Tobago",2009,"non-LDC",39.8,49.3,66.3,45.5,NA,19.2,37.1,1.3,30.2,32.7,NA,40.3,27.7,89.2,88,95.4,98.7,74.9,12433.3,25.1,2,NA,NA,0
"484","Trinidad and Tobago",2012,"non-LDC",35.8,39.9,66.3,57.9,17.97,17.4,34.8,0,31.8,17.9,6.9,28.9,45.7,90.7,90,85.7,98.3,88.8,16153,NA,2,NA,NA,0
"485","Trinidad and Tobago",2015,"non-LDC",32.4,37,66.3,57.3,8.3,15.9,31.8,0,27.8,19.8,7,32.6,35.8,92.2,93.3,93.2,98.4,83.9,13935,NA,2,NA,NA,0
"486","Tunisia",2006,"non-LDC",33.2,23.8,35.3,10,NA,NA,8.3,21.2,42.5,72.3,NA,83.5,12.8,85,100,93.4,69.9,76.7,2286.7,61,2,NA,NA,0
"487","Tunisia",2009,"non-LDC",24.9,21.1,34.7,0,NA,14.9,10.2,19.6,28.7,46.2,NA,92.4,11.3,87.6,100,93.3,73.3,84,3036.7,0,2,NA,NA,0
"488","Tunisia",2012,"non-LDC",20.2,16.4,34.5,0,21.09,10.1,7.7,12.5,24,46.5,16.2,76.8,1.5,87.5,100,90.5,70.1,89.4,4053,NA,2,NA,NA,0
"489","Tunisia",2015,"non-LDC",18.2,17.1,34,0,24.3,10,6.5,13.6,19.4,38.7,16,61.5,0,89.8,100,96.8,72.9,89.6,4116,NA,2,59,63,1
"490","Turkey",2006,"non-LDC",21.8,9.7,4.8,20,NA,NA,0,18.7,33.9,42.6,NA,12,25.1,86.6,99.2,83,86.5,77.7,3020,73.2,2,17,224,1
"491","Turkey",2009,"non-LDC",15.3,4.7,4.3,0,NA,10.4,3.4,17.4,25.9,41,NA,8.6,10.8,88.1,100,88.5,86.6,77.4,7083.3,73.3,2,9,126,1
"492","Turkey",2012,"non-LDC",12.4,4.2,4.7,0,5.25,6.8,0,13.5,20.6,34.1,60.3,7.8,7.1,88,100,89.4,87.8,75.1,9403,NA,2,7,739,1
"493","Turkey",2015,"non-LDC",11.8,4,4.4,0,5,6.6,0,13.1,19.6,35.8,59.6,12,3.3,93.1,100,94.4,93.2,84.6,10844,NA,2,184,1053,1
"494","Turkmenistan",2015,"non-LDC",43.8,30.9,45.4,44.8,0,33.5,43.9,23,56.7,22.7,0,45.4,90.7,91.6,100,72.6,99.5,94.4,5635,NA,2,NA,NA,0
"495","Tuvalu",2006,"LDC",91.8,87.2,100,82.9,NA,NA,100,31.4,96.5,93.1,NA,100,100,89.7,99.2,82.2,94.3,83,1267,86.1,1,NA,NA,0
"496","Tuvalu",2009,"LDC",79.7,77.1,100,75.2,NA,33.3,41.4,25.3,82.2,69.6,NA,52.9,94.9,88.4,88,87.8,94.2,83.4,2544.3,86.3,1,NA,NA,0
"497","Tuvalu",2012,"LDC",63.9,79.4,100,89.3,100,28.5,21.8,35.2,48.4,38.1,36.8,39.4,58.7,88.1,91.7,84.5,93.3,82.7,4993,NA,1,NA,NA,0
"498","Tuvalu",2015,"LDC",54,86,100,88.4,100,55.6,69.6,41.5,22,3.5,0,7.1,40.4,88.8,91.7,88.4,93.3,81.9,5788,NA,1,NA,NA,0
"499","Uganda",2006,"LDC",47.4,42.3,19.1,94.1,NA,NA,22.1,51.4,52.5,29.3,NA,9.6,75.8,49,73.6,43.9,63.5,15.2,253.3,49.1,1,63,334,1
"500","Uganda",2009,"LDC",51.9,36.9,17.6,78,NA,34.6,17.8,51.5,66.9,39.4,NA,7.3,94.3,51.3,80,43.4,68.3,13.4,303.3,71.5,1,21,60,1
"501","Uganda",2012,"LDC",36.2,28.8,16.4,73.5,0,25.5,12.9,38,43.6,38,66.3,9.6,49.3,45.8,71.7,29.5,61.8,20.1,463,NA,1,NA,NA,0
"502","Uganda",2015,"LDC",31.8,28.8,15.1,72,0,28.1,11.3,44.9,34.8,37.6,67.9,7.2,31.9,53.6,65.5,66,64.3,18.7,663,NA,1,NA,NA,0
"503","United Arab Emirates",2006,"non-LDC",39.6,42.9,47.7,56,NA,NA,34.7,5.2,36.4,50,NA,100,22.8,87.8,100,100,73.4,77.7,19818.7,0,2,NA,NA,0
"504","United Arab Emirates",2009,"non-LDC",39.1,38.1,47.7,34.3,NA,22.6,41.4,3.8,40.2,50,NA,100,30.3,95.2,100,100,88.7,91.9,36004,0,2,NA,NA,0
"505","United Arab Emirates",2012,"non-LDC",35.2,31.4,39.1,38,30.92,17.7,35.4,0,39,49.6,0,99.2,28.4,94.5,100,100,86.7,91.5,43770,NA,2,NA,NA,0
"506","United Arab Emirates",2015,"non-LDC",30.2,33,36.5,34.7,42.2,18.6,37.2,0,27.5,46.2,0,92.5,8.7,92.1,100,100,86.7,81.8,38359,NA,2,NA,NA,0
"507","Uruguay",2006,"non-LDC",41.4,52.4,51.7,90.5,NA,NA,11.7,19.5,30.4,39,NA,31.7,21.8,98.2,97.6,97.7,97.5,100,4030,46.4,2,NA,NA,0
"508","Uruguay",2009,"non-LDC",42.3,49.5,52.2,77.5,NA,16,15.1,16.8,35,45.5,NA,31.5,24.6,98.6,100,96.7,97.8,100,5413.3,59.4,2,NA,NA,0
"509","Uruguay",2012,"non-LDC",34.9,42,52.1,88,15.11,12.9,11.2,14.6,27.8,40.8,52.3,29.2,14.8,94.3,100,96.3,97.7,83.3,9193,NA,2,NA,NA,0
"510","Uruguay",2015,"non-LDC",31.6,41.3,52,88,11.8,13.4,12.2,14.7,21.8,37.6,50.2,25.1,6,96.6,100,99.3,97.9,89.3,13548,NA,2,NA,NA,0
"511","Uzbekistan",2015,"non-LDC",29.4,22.8,19.1,48.5,0,23.6,15.8,31.4,35.9,24.2,41.9,6.6,47.7,94.6,98.7,80.3,99.3,100,1802,NA,2,NA,NA,0
"512","Vanuatu",2006,"LDC",64.2,77,94.7,82.9,NA,NA,35.8,35.6,51.5,62.4,NA,39.5,40.5,66,84.8,86,69.6,23.6,1186.7,85.4,1,NA,NA,0
"513","Vanuatu",2009,"LDC",62.3,77.5,93.3,75.2,NA,48,72.7,23.2,47.1,61,NA,36.5,33.3,72.3,92.8,86.1,73.8,36.5,1736.7,85.5,1,NA,NA,0
"514","Vanuatu",2012,"LDC",46.8,60.6,92.4,91.2,6.47,52.3,70.5,34.1,33,56.3,83.1,29.5,9.6,77.7,100,85.1,76,49.7,2540,NA,1,NA,NA,0
"515","Vanuatu",2015,"LDC",47.7,60.4,92,90.3,3.4,55.9,70.9,40.8,35,58.7,84.3,33.1,11.3,81.3,96.3,95.8,77.8,55,2997,NA,1,NA,NA,0
"516","Venezuela",2006,"non-LDC",39,38.7,20.3,69.7,NA,NA,82.2,7,39.4,37.5,NA,10.9,41.2,82.2,76.8,91.7,92,68.2,3820,64.1,2,22,22,1
"517","Venezuela",2009,"non-LDC",36.3,35.2,19.5,50.6,NA,51.1,95.4,6.8,37.4,39.3,NA,13.7,35.5,87.1,84.8,93.8,91.8,78.1,6130,64.9,2,NA,NA,0
"518","Venezuela",2012,"non-LDC",31.9,30.9,18.8,59.6,9.69,35.4,65.8,5,32.8,30.8,47.2,14.4,34.9,90.9,96.7,92.8,93.5,80.6,10300,NA,2,NA,NA,0
"519","Venezuela ",2015,"non-LDC",24,30.2,18.3,59.1,7.1,36.1,64.9,7.3,17.7,30.8,47.3,14.3,4.7,95.8,100,97,94,92.2,11963,NA,2,NA,NA,0
"520","Viet Nam",2006,"non-LDC",35.7,23.3,2.6,63.2,NA,NA,16.3,33.5,48.1,37.9,NA,3.4,58.4,80.1,73.6,87.6,88.8,70.3,486.7,72.4,2,NA,NA,0
"521","Viet Nam",2009,"non-LDC",26.5,15.6,1.9,34.7,NA,24,12.9,35,37.4,37.9,NA,0,36.9,83.2,81.6,92.5,88.5,70.3,703.3,75.8,2,NA,NA,0
"522","Viet Nam",2012,"non-LDC",30.9,36.1,1.8,44.1,78.71,19.9,5.4,34.3,25.7,43.8,81.5,6,7.6,86.4,90,90.7,90.4,74.7,1037,NA,2,NA,NA,0
"523","Viet Nam",2015,"non-LDC",31.1,39.2,1.3,38.4,100,17.2,3.2,31.1,23,41.2,82.5,0,4.8,86.1,86.8,91.6,91.4,74.4,1510,NA,2,NA,NA,0
"524","Yemen",2006,"LDC",42.1,41.2,24,57.9,NA,NA,93.6,23.7,43.1,45.2,NA,20.1,40.9,48.3,46.4,63,40.1,43.8,523.3,70.3,1,NA,NA,0
"525","Yemen",2009,"LDC",44.9,33.8,22.6,36.9,NA,53.1,88.4,17.9,56,44,NA,17.9,68,52.1,52.8,62.9,50.5,42.3,766.7,70.1,1,NA,NA,0
"526","Yemen",2012,"LDC",38.5,28.7,21.4,42,3.38,48,80.6,15.4,48.2,27.4,42.6,12.2,69.1,52.3,58.3,63.3,49.9,37.9,1020,NA,1,NA,NA,0
"527","Yemen",2015,"LDC",35.4,26.4,21.7,39.5,4.5,39.9,56.7,23.2,44.5,24.2,39.8,8.7,64.7,59.8,65.5,75,55.2,43.5,1234,NA,1,NA,NA,0
"528","Zambia",2006,"LDC",46.2,51.8,33,100,NA,NA,47.6,34.7,40.6,44.8,NA,45.2,36.3,35.2,25.6,29.1,62.4,23.6,390,44.4,1,NA,NA,0
"529","Zambia",2009,"LDC",52.8,54,32.4,100,NA,51.3,68.7,33.9,51.5,41,NA,37.4,62.1,40.7,32,29.5,61.6,39.7,646.7,44.6,1,NA,NA,0
"530","Zambia",2012,"LDC",53,42.3,30.8,88.2,0,50.2,67.7,32.7,63.8,62.7,88.7,36.6,64.8,36.9,35,11.8,61.2,39.6,1010,NA,1,NA,NA,0
"531","Zambia",2015,"LDC",45.6,41,29.7,87.4,0,46.8,63.8,29.8,50.3,58,85,30.9,42.5,40.8,27.8,53.1,48.6,33.9,1327,NA,1,NA,NA,0
"532","Zimbabwe",2006,"non-LDC",47.9,44.3,31.4,100,NA,NA,4.9,24.3,51.5,60.7,NA,60.1,42.2,53,33.6,53.4,88.4,36.4,430,61.4,2,NA,NA,0
"533","Zimbabwe",2009,"non-LDC",64.3,45.7,30.8,100,NA,21,14.5,27.5,83,66,NA,70.4,100,56.3,40,59.1,89.6,36.3,340,61.5,2,NA,NA,0
"534","Zimbabwe",2012,"non-LDC",44.9,35.9,31.7,90.6,0,21.3,10.5,32.1,53.9,80.1,94.1,66.2,27.7,57.7,58.3,48.8,89.1,34.4,383,NA,2,NA,NA,0
"535","Zimbabwe",2015,"non-LDC",59,34.7,30.1,89.8,0,19.1,18.3,19.8,83.2,66.3,90.3,42.4,100,56.8,55.3,52.4,78.1,41.3,857,NA,2,NA,NA,0
